Institution,ID,Lived,LivedB,Year,SRP,Pknown,Groupsize,GS,Males,Females,UD,PM,PF,PUD,SIRE,DAM
AHTARI,VLY16-00832 [216068/AHTARI],YES,1,2016,2 (1M/1F),1,4 (3M/1F),4,3,1,0,0.75,0.25,0,10,7
BARNES,MIG12-29454059,YES,1,2011,NA,0,3(1M/2NA),3,1,0,2,0.333,0,0.667,NA,NA
BARNES,MIG12-29453949,YES,1,2011,NA,0,3 (1M/2NA),3,1,0,2,0.333,0,0.667,NA,NA
BURSCOUGH,WMR18-01980 [BARNES/2641],YES,1,2018,5 (2M/3F),1,8 (4M/4F),8,4,4,0,0.5,0.5,0,10.5,7
BURSCOUGH,WMR18-01979,YES,1,2018,5 (2M/3F),1,8 (4M/4F),8,4,4,0,0.5,0.5,0,10.5,7
BURSCOUGH,WMR18-01978,YES,1,2018,5 (2M/3F),1,8 (4M/4F),8,4,4,0,0.5,0.5,0,10.5,7
BURSCOUGH,WMR18-01912 [BARNES/2640],YES,1,2018,2 (1M/1F),1,7 (4M/3F),7,4,3,0,0.571,0.429,0,7,7
BURSCOUGH,WMR18-01911 [BARNES/2642],YES,1,2018,2 (1M/1F),1,7 (4M/3F),7,4,3,0,0.571,0.429,0,7,7
BURSCOUGH,WMR18-01910 [BURSCOUGH/51683],YES,1,2018,2 (1M/1F),1,7(3M/4F),7,3,4,0,0.429,0.571,0,7,7
BURSCOUGH,WMR16-01613 [SLIMBRIDG/113939],YES,1,2016,2 (1M/1F),1,7(4M/3F),7,4,3,0,0.571,0.429,0,9,4
BURSCOUGH,WMR16-01612 [SLIMBRIDG/113937],YES,1,2016,2 (1M/1F),1,7(3M/4F),7,3,4,0,0.429,0.571,0,9,4
BURSCOUGH,WMR16-01611 [SLIMBRIDG/113932],YES,1,2016,2 (1M/1F),1,7(3M/4F),7,3,4,0,0.429,0.571,0,9,4
BURSCOUGH,WMR16-01514 [BURSCOUGH/D0516],YES,1,2013,NA,0,13(4M/8F/1NA),13,4,8,1,0.308,0.615,0.077,NA,NA
BURSCOUGH,WMR12-00051 [BURSCOUGH/3782],YES,1,2011,NA,0,14(3M/10F/1NA),14,3,10,1,0.214,0.714,0.071,NA,NA
BURSCOUGH,WMR12-0086 [SLIMBRIDG/7685],YES,1,2011,NA,0,14(3M/11F),14,3,11,0,0.214,0.786,0,NA,NA
BURSCOUGH,WMR13-00860 [SLIMBRIDG/11309],YES,1,2013,NA,0,13(4M/8F/1NA),13,4,8,1,0.308,0.615,0.077,NA,NA
BURSCOUGH,WMR13-00859 [BARNES/2206],YES,1,2013,NA,0,13(4M/8F/1NA),13,4,8,1,0.308,0.615,0.077,NA,NA
BURSCOUGH,WMR13-00858 [WLDFWL TR/2482],YES,1,2013,NA,0,13(3M/9F/1NA),13,3,9,1,0.231,0.692,0.077,NA,NA
BURSCOUGH,WMR13-00857 [SLIMBRIDG/11287],YES,1,2013,NA,0,14(4M/9F/1NA),14,4,9,1,0.286,0.643,0.071,NA,NA
BURSCOUGH,WMR16-01514 [BURSCOUGH/D0516],YES,1,2013,NA,0,13(4M/8F/1NA),13,4,8,1,0.308,0.615,0.077,NA,NA
BURSCOUGH,WMR12-00050 [BURSCOUGH/3781],YES,1,2011,NA,0,14(3M/10F/1NA),14,3,10,1,0.214,0.714,0.071,NA,NA
BURSCOUGH,MIG12-29647813 [BURSCOUGH/3634],YES,1,2011,NA,0,14(3M/10F/1NA),14,3,10,1,0.214,0.714,0.071,NA,NA
BURSCOUGH,MIG12-28682600 [BURSCOUGH/2645],NO,0,2010,NA,0,9(3M/6F),9,3,9,0,0.333,1,0,NA,NA
BURSCOUGH,MIG12-28682599 [BURSCOUGH/2644],NO,0,2010,NA,0,9(3M/6F),9,3,6,0,0.333,0.667,0,NA,NA
BURSCOUGH,25898323 [SLIMBRIDG/8182],YES,1,2008,NA,0,3(1M/2F),3,1,2,0,0.333,0.667,0,NA,NA
BURSCOUGH,25898324 [BURCOUGH/1229],YES,1,2008,NA,0,3(1M/2F),3,1,2,0,0.333,0.667,0,NA,NA
BURSCOUGH,27288281 [SLIMBBRIDG/910116],YES,1,1989,NA,0,4(3M/1F),4,3,1,0,0.75,0.25,0,NA,NA
BURSCOUGH,27288294 [SLIMBRIDG/1028],YES,1,2003,NA,0,3(1M/2F),3,1,2,0,0.333,0.667,0,NA,NA
BURSCOUGH,27324540 [SLIMBRIDG/910129],YES,1,1984,NA,0,2(1M/1F),2,1,1,0,0.5,0.5,0,NA,NA
BURSCOUGH,27324541 [SLIMBRIDG/910137],YES,1,1989,NA,0,4(3M/1F),4,4,1,0,1,0.25,0,NA,NA
BURSCOUGH,27314542 [SLIMBRIDG/1026],YES,1,2003,NA,0,3(2M/1F),3,2,1,0,0.667,0.333,0,NA,NA
BURSCOUGH,27324543 [SLIMBRIDG/1027],YES,1,2003,NA,0,3(2M/1F),3,2,1,0,0.667,0.333,0,NA,NA
BURSCOUGH,MIG12-28566656 [BURSCOUGH/2412],YES,1,2009,NA,0,7(1M/6F),7,1,6,0,0.143,0.857,0,NA,NA
BURSCOUGH,MIG12-28566657 [BURSCOUGH/2413],YES,1,2009,NA,0,7(2M/5F),7,2,5,0,0.286,0.714,0,NA,NA
BURSCOUGH,MIG12-28566658 [BURCOUGH/2414],YES,1,2009,NA,0,7(2M/5F),7,2,5,0,0.286,0.714,0,NA,NA
BURSCOUGH,MIG12-28566659 [SLIMBRIDG/8183],YES,1,2009,NA,0,7(2M/5F),7,2,5,0,0.286,0.714,0,NA,NA
BURSCOUGH,MIG12-29647755 [BURSCOUGH/3096],YES,1,1998,NA,0,2(1M/1F),2,1,1,0,0.5,0.5,0,NA,NA
BURSCOUGH,MIG12-29917674 [BURSCOUGH/3415],YES,1,2006,NA,0,2 (1M/1F),2,1,1,0,0.5,0.5,0,NA,NA
BURSCOUGH,MIG12-28566659 [SLIMBRIDG/8183],YES,1,2009,NA,0,7(2M/5F),7,2,5,0,0.286,0.714,0,NA,NA
CLERES,27744237 [CLERES/C91184],YES,1,1991,NA,0,3(2M/1F),3,2,1,0,0.667,0.333,0,NA,5
CLERES,27744250 [CA1040],YES,1,2001,NA,0,4(3M/1F),4,3,1,0,0.75,0.25,0,NA,NA
CLERES,27744498 [CA2035],YES,1,2002,NA,0,3(2M/1F),3,2,1,0,0.667,0.333,0,NA,NA
CLERES,27744505 [CA2034],YES,1,2002,NA,0,3(1M/2F),3,1,2,0,0.333,0.667,0,NA,NA
CLERES,27745487 [CLERES/CA4068],YES,1,2004,NA,0,4(3M/1F),4,3,1,0,0.75,0.25,0,NA,NA
DRESDEN,22030168 [DRESDEN Z/197877],YES,1,2005,NA,0,5(4M/1F),5,4,1,0,0.8,0.2,0,NA,NA
HEIDIELBRG,VVM16-01684 | [HEIDELBRG/255009],NA,NA,2016,5 (4M/1F),1,9 (4M/1F/3NA),9,4,1,3,0.444,0.111,0.333,7.5,8
HEIDIELBRG,VVM16-01685 | [HEIDELBRG/255010],NA,NA,2016,5 (4M/1F),1,9 (4M/1F/3NA),9,4,1,3,0.444,0.111,0.333,7.5,8
HEIDIELBRG,VVM16-01686 | [HEIDELBRG/255011],NA,NA,2016,5 (4M/1F),1,9 (4M/1F/3NA),9,4,1,3,0.444,0.111,0.333,7.5,8
HEIDIELBRG,VVM16-01694 | [HEIDELBRG/255012],NO,0,2016,5 (4M/1F),1,9 (4M/1F/3NA),9,4,1,3,0.444,0.111,0.333,7.5,8
KOLN,26204054 [KOLN/B6455],YES,1,2012,2 (1M/1F),1,6 (3M/3F),6,3,3,0,0.5,0.5,0,6,6
KOLN,HQW13-01144 | [KOLN/B9597],YES,1,2012,NA,0,6(3M/2F/1NA),6,3,2,1,0.5,0.333,0.167,NA,NA
KOLN,HQW13-01145 | [KOLN/B9598],YES,1,2012,NA,0,6(3M/2F/1NA),6,3,2,1,0.5,0.333,0.167,NA,NA
LLANELLI,23508441 | [SLIMBRIDG/1012],YES,1,1994,NA,0,2 (1M/1F),2,1,1,0,0.5,0.5,0,NA,NA
LLANELLI,27324166 | [LLANELLI/330],YES,1,1998,NA,0,3 (1M/2F),3,1,2,0,0.333,0.667,0,NA,NA
LLANELLI,FFN16-00406 [1618/LLANELLI],YES,1,2016,NA,0,7 (5M/2F),7,5,2,0,0.714,0.286,0,NA,NA
LLANELLI,FFN16-00404 [1616/LLANELLI],YES,1,2016,NA,0,7 (5M/2F),7,5,2,0,0.714,0.286,0,NA,NA
LLANELLI,FFN16-00403 [1615/LLANELLI],YES,1,2016,NA,0,7 (5M/2F),7,5,2,0,0.714,0.286,0,NA,NA
LLANELLI,FFN16-00405 [1617/LLANELLI],YES,1,2016,NA,0,7 (5M/2F),7,5,2,0,0.714,0.286,0,NA,NA
MOSCOW,24482995 | [MOSCOW/920362],YES,1,1992,NA,0,4(2M/2F),4,2,2,0,0.5,0.5,0,NA,NA
MOSCOW,24496261 | [MOSCOW/50170],YES,1,2005,NA,0,20(10M/9F/1NA),20,10,9,1,0.5,0.45,0.05,NA,NA
MOSCOW,27029277 | [MOSCOW/80362],YES,1,2008,NA,0,11(4M/7F),11,4,7,0,0.364,0.636,0,NA,NA
MOSCOW,27029278 | [MOSCOW/90316],YES,1,2009,NA,0,27(13M/12F/2NA),27,13,12,2,0.481,0.444,0.074,NA,NA
MOSCOW,27029279 | [MOSCOW/90317],YES,1,2009,NA,0,27(12M/13F/2NA),27,12,13,2,0.444,0.481,0.074,NA,NA
MOSCOW,27029283 | [MOSCOW/90321],NO,0,2009,NA,0,27(13M/13F/1NA),27,13,13,1,0.481,0.481,0.037,NA,NA
MOSCOW,MIG12-27982846 | [MOSCOW/90363],YES,1,2009,NA,0,27(13M/13F/1NA),27,13,13,1,0.481,0.481,0.037,NA,NA
MOSCOW,MIG12-29888257 | [MOSCOW/90320],YES,1,2009,NA,0,27(12M/13F/2NA),27,12,13,2,0.444,0.481,0.074,NA,NA
MOSCOW,MIG12-29888260 | [MOSCOW/90318],YES,1,2009,NA,0,27(12M/13F/2NA),27,12,13,2,0.444,0.481,0.074,NA,NA
MOSCOW,MIG12-29888261 | [MOSCOW/90319],YES,1,2009,NA,0,27(12M/13F/2NA),27,12,13,2,0.444,0.481,0.074,NA,NA
MOSCOW,MIG12-29889033 | [MOSCOW/80359],YES,1,2008,NA,0,11(3M/8F),11,3,8,0,0.273,0.727,0,NA,NA
PRAHA,25812194 | [PRAHA/240344],YES,1,2004,2 (1M/2F),1,8(7M/1F),8,7,1,0,0.875,0.125,0,5,NA
PRAHA,MIG12-29094195 | [OSTRAVA/151090],YES,1,2002,NA,0,9(6M/3F),9,6,3,0,0.667,0.333,0,NA,NA
PRAHA,MIG12-29096201 | [OSTRAVA/151091],YES,1,2002,NA,0,9(6M/3F),9,6,3,0,0.667,0.333,0,NA,NA
PRAHA,MIG12-29569197 | [PRAHA/990228],YES,1,1999,2 (1M/1F),1,2 (1M/1F),2,1,1,0,0.5,0.5,0,8,2
ROSTOCK,MIG12-29004095 | [ROSTOCK/3293],NO,0,2000,2 (1M/F),1,5 (1M/2F/2NA),5,1,2,2,0.2,0.4,0.4,5,4
ROSTOCK,MIG12-29004096 | [ROSTOCK/3294],YES,1,2000,2 (1M/F),1,5 (1M/1F/3NA),5,1,1,3,0.2,0.2,0.6,5,4
ROSTOCK,MIG12-29004097 | [ROSTOCK/3296],YES,1,2000,2 (1M/F),1,5 (1M/2F/2NA),5,1,2,2,0.2,0.4,0.4,5,4
ROSTOCK,MIG12-29005197 | [ROSTOCK/3292],YES,1,1999,2 (1M/F),1,3 (2M/1F),3,2,1,0,0.667,0.333,0,5,4
ROSTOCK,MIG12-29005230 | [ROSTOCK/3298],YES,1,2001,2 (1M/F),1,5 (1M/2F/2NA),5,1,2,2,0.2,0.4,0.4,5,4
ROSTOCK,MIG12-29005250 | [ROSTOCK/3295],YES,1,2000,2 (1M/F),1,5 (1M/2F/2NA),5,1,2,2,0.2,0.4,0.4,5,4
WALSRODE,MIG12-29801400 | [PRAHA/110522],YES,1,2011,NA,0,12 (6M/6F),12,6,6,0,0.5,0.5,0,NA,NA
WALSRODE,MIG12-29801401 | [PRAHA/110523],YES,1,2011,NA,0,12 (6M/6F),12,6,6,0,0.5,0.5,0,NA,NA
WALSRODE,MIG12-29801402 | [PRAHA/110524],YES,1,2011,NA,0,12 (7M/5F),12,7,5,0,0.583,0.417,0,NA,NA
WALSRODE,MIG12-29801403 | [PRAHA/110525],YES,1,2011,NA,0,12 (7M/5F),12,7,5,0,0.583,0.417,0,NA,NA
WALSRODE,VMT15-36984 [ANN022/WALSRODE],YES,1,2015,NA,0,10 (5M/4F/1NA),10,5,4,1,0.5,0.4,0.1,NA,NA
WLDFWL TR,SHS16-00275 | [SLIMBRIDG/116203],YES,1,2016,2 (1M/1F),1,2 (1M/1F),2,1,1,0,0.5,0.5,0,5,5
WLDFWL TR,SHS16-00277 | [SLIMBRIDG/116202],YES,1,2016,2 (1M/1F),1,2 (1M/1F),2,1,1,0,0.5,0.5,0,5,5
WLDFWL TR,SHS17-00348 | [SLIMBRIDG/116204],YES,1,2017,2 (1M/1F),1,3 (2M/1F),3,2,1,0,0.667,0.333,0,6,6
ZURICH,24148900 | [ZURICH/A00238],NO,0,2000,NA,0,10 (3M/6F/1NA),10,3,6,1,0.3,0.6,0.1,NA,NA
ZURICH,24148901 | [ZURICH/A00241],YES,1,2000,NA,0,10 (3M/5F/2NA),10,3,5,2,0.3,0.5,0.2,NA,NA
ZURICH,24148934 | [ZURICH/A00239],YES,1,2000,NA,0,10 (3M/5F/2NA),10,3,5,2,0.3,0.5,0.2,NA,NA
ZURICH,24148935 | [ZURICH/A00240],YES,1,2000,NA,0,10 (3M/5F/2NA),10,3,5,2,0.3,0.5,0.2,NA,NA
ZURICH,24148936 | [ZURICH/A00242],YES,1,2000,NA,0,10 (2M/6F/2NA),10,2,6,2,0.2,0.6,0.2,NA,NA
ZURICH,24148937 | [ZURICH/A00243],YES,1,2000,NA,0,10 (3M/5F/2NA),10,3,5,2,0.3,0.5,0.2,NA,NA
ZURICH,24149420 | [ZURICH/A00237],NO,0,2000,NA,0,10 (3M/6F/1NA),10,3,6,1,0.3,0.6,0.1,NA,NA
ZURICH,24149566 | [ZURICH/A20168],NO,0,2002,NA,0,8 (3M/3F/2NA),8,3,3,2,0.375,0.375,0.25,NA,NA
ZURICH,24149567 | [ZURICH/A20169],YES,1,2002,NA,0,8 (3M/3F/2NA),8,3,3,2,0.375,0.375,0.25,NA,NA
ZURICH,24149568 | [ZURICH/A20170],YES,1,2002,NA,0,8 (3M/3F/2NA),8,3,3,2,0.375,0.375,0.25,NA,NA
ZURICH,24149569 | [ZURICH/A20171],NO,0,2002,NA,0,8 (4M/3F/1NA),8,4,3,1,0.5,0.375,0.125,NA,NA
ZURICH,24149989 | [ZURICH/A30297],YES,1,2003,NA,0,10 (6M/4F),10,6,4,0,0.6,0.4,0,NA,NA
ZURICH,24149991 | [ZURICH/A30295],YES,1,2003,NA,0,10 (6M/4F),10,6,4,0,0.6,0.4,0,NA,NA
ZURICH,24149992 | [ZURICH/A30296],YES,1,2003,NA,0,10 (7M/3F),10,7,3,0,0.7,0.3,0,NA,NA
ZURICH,24150024 | [ZURICH/A30298],YES,1,2003,NA,0,10 (6M/4F),10,6,4,0,0.6,0.4,0,NA,NA
ZURICH,24150025 | [ZURICH/A30294],YES,1,2003,NA,0,10 (6M/4F),10,6,4,0,0.6,0.4,0,NA,NA
ZURICH,24150026 | [ZURICH/A30299],YES,1,2003,NA,0,10 (7M/3F),10,7,3,0,0.7,0.3,0,NA,NA
ZURICH,24150517 | [ZURICH/A40220],NO,0,2004,NA,0,4 (2M/2F),4,2,2,0,0.5,0.5,0,NA,NA
ZURICH,24152114 | [ZURICH/A50385],YES,1,2005,NA,0,13 (6M/3F/4NA),13,6,4,4,0.462,0.308,0.308,NA,NA
ZURICH,24152115 | [ZURICH/A50384],YES,1,2005,NA,0,13 (6M/3F/4NA),13,6,4,4,0.462,0.308,0.308,NA,NA
ZURICH,24152116 | [ZURICH/A50386],YES,1,2005,NA,0,13 (5M/4F/4NA),13,5,4,4,0.385,0.308,0.308,NA,NA
ZURICH,24152117 | [ZURICH/A50387],YES,1,2005,NA,0,13 (5M/4F/4NA),13,5,4,4,0.385,0.308,0.308,NA,NA
ZURICH,24152118 | [ZURICH/A50388],YES,1,2005,NA,0,13 (5M/4F/4NA),13,5,4,4,0.385,0.308,0.308,NA,NA
ZURICH,24152119 | [ZURICH/A50389],NO,0,2005,NA,0,13 (5M/4F/4NA),13,5,4,4,0.385,0.308,0.308,NA,NA
ZURICH,24152120 | [ZURICH/A50390],NO,0,2005,NA,0,13 (6M/4F/3NA),13,6,4,3,0.462,0.308,0.231,NA,NA
ZURICH,24152121 | [ZURICH/A50391],NO,0,2005,NA,0,13 (6M/4F/3NA),13,6,4,3,0.462,0.308,0.231,NA,NA
ZURICH,24152122 | [ZURICH/A50392],NO,0,2005,NA,0,13 (6M/4F/3NA),13,6,4,3,0.462,0.308,0.231,NA,NA
ZURICH,24152123 | [ZURICH/A50393],NO,0,2005,NA,0,13 (6M/4F/3NA),13,6,4,3,0.462,0.308,0.231,NA,NA
ZURICH,24154661 | [ZURICH/A60247],NO,0,2006,NA,0,8 (5M/3F),8,5,3,0,0.625,0.375,0,NA,NA
ZURICH,24155585 | [ZURICH/A60297],YES,1,2006,NA,0,8 (5M/2F/1NA),8,5,2,1,0.625,0.25,0.125,NA,NA
ZURICH,24157129 | [ZURICH/A60245],YES,1,2006,NA,0,8 (4M/3F/1NA),8,4,3,1,0.5,0.375,0.125,NA,NA
ZURICH,24157130 | [ZURICH/A60246],YES,1,2006,NA,0,8 (5M/2F/1NA),8,5,2,1,0.625,0.25,0.125,NA,NA
ZURICH,24157131 | [ZURICH/A60298],YES,1,2006,NA,0,8 (5M/2F/1NA),8,5,2,1,0.625,0.25,0.125,NA,NA
ZURICH,24158602 | [ZURICH/A70254],NO,0,2007,NA,0,4 (2F/2M),4,2,2,0,0.5,0.5,0,NA,NA
ZURICH,24160181 | [ZURICH/A80136],YES,1,2008,2 (1M/1F),1,7 (4M/3F),7,4,3,0,0.571,0.429,0,13,13
ZURICH,24160393 | [ZURICH/A80135],YES,1,2008,2 (1M/1F),1,7 (4M/3F),7,4,3,0,0.571,0.429,0,13,13
ZURICH,24160394 | [ZURICH/A80142],YES,1,2008,2 (1M/1F),1,7 (3M/4F),7,3,4,0,0.429,0.571,0,13,13
ZURICH,24160395 | [ZURICH/A80141],YES,1,2008,2 (1M/1F),1,7 (3M/4F),7,3,4,0,0.429,0.571,0,13,13
ZURICH,26712673 | [ZURICH/A10203],YES,1,2001,NA,0,4 (2M/2F),4,2,2,0,0.5,0.5,0,NA,NA
ZURICH,CGK15-02589 | [ZURICH/B50210],NO,0,2015,NA,0,9 (4M/5F),9,4,5,0,0.444,0.556,0,NA,NA
ZURICH,CGK15-02590 | [ZURICH/B50211],YES,1,2015,NA,0,9 (3M/6F),9,3,6,0,0.333,0.667,0,NA,NA
ZURICH,CGK15-02591 | [ZURICH/B50212],YES,1,2015,NA,0,9 (3M/6F),9,3,6,0,0.333,0.667,0,NA,NA
ZURICH,CGK15-02592 | [ZURICH/B50213],YES,1,2015,NA,0,9 (4M/5F),9,4,5,0,0.444,0.556,0,NA,NA
ZURICH,CGK15-02593 | [ZURICH/B50214],YES,1,2015,NA,0,9 (4M/5F),9,4,5,0,0.444,0.556,0,NA,NA
ZURICH,CGK16-02976 | [ZURICH/B60168],YES,1,2016,NA,0,12 (6M/6F),12,6,6,0,0.5,0.5,0,NA,NA
ZURICH,CGK16-02977 | [ZURICH/B60169],YES,1,2016,NA,0,12 (6M/6F),12,6,6,0,0.5,0.5,0,NA,NA
ZURICH,CGK16-02978 | [ZURICH/B60170],YES,1,2016,NA,0,12 (6M/6F),12,6,6,0,0.5,0.5,0,NA,NA
ZURICH,CGK16-02979 | [ZURICH/B60171],YES,1,2016,NA,0,12 (7M/5F),12,7,5,0,0.583,0.417,0,NA,NA
ZURICH,CGK16-03042 | [ZURICH/B60313],NO,0,2016,NA,0,12 (7M/5F),12,7,5,0,0.583,0.417,0,NA,NA
ZURICH,CGK17-03578 | [ZURICH/B70127],YES,1,2017,6 (3M/3F),1,10 (5M/4F/1NA),10,5,4,1,0.5,0.4,0.1,7.5,8
ZURICH,CGK17-03587 | [ZURICH/B70135],YES,1,2017,2 (1M/1F),1,10 (5M/4F/1NA),10,5,4,1,0.5,0.4,0.1,8,10
ZURICH,CGK17-03588 | [ZURICH/B70136],YES,1,2017,2 (1M/1F),1,10 (4M/5F/1NA),10,4,5,1,0.4,0.5,0.1,8,10
ZURICH,CGK17-03590 | [ZURICH/B70138],YES,1,2017,4 (3M/1F),1,10 (5M/4F/1NA),10,5,4,1,0.5,0.4,0.1,7.5,6
ZURICH,CGK17-03593 | [ZURICH/B70141],NO,0,2017,2 (1M/1F),1,10 (5M/5F),10,5,5,0,0.5,0.5,0,8,10
SLIMBRIDG,23381471 | [SLIMBRIDG/910124],YES,1,1989,NA,0,39 (18M/16F/5NA),39,18,16,5,0.462,0.41,0.128,NA,NA
SLIMBRIDG,23381472 | [SLIMBRIDG/910140],YES,1,1988,NA,0,27 (13M/10F/4NA),27,13,10,4,0.481,0.37,0.148,NA,NA
SLIMBRIDG,23382597 | [SLIMBRIDG/910114],YES,1,1986,NA,0,12 (6M/6F),12,6,6,0,0.5,0.5,0,NA,NA
SLIMBRIDG,23382600 | [SLIMBRIDG/910118],YES,1,1987,NA,0,16 (10M/6F),16,10,6,0,0.625,0.375,0,NA,NA
SLIMBRIDG,23382601 | [SLIMBRIDG/910119],YES,1,1981,NA,0,6 (2M/4F),6,2,4,0,0.333,0.667,0,NA,NA
SLIMBRIDG,23382605 | [SLIMBRIDG/910127],YES,1,1988,NA,0,26 (11M/10F/5NA),11,11,10,5,1,0.909,0.455,NA,NA
SLIMBRIDG,23382608 | [SLIMBRIDG/910130],YES,1,1988,NA,0,27 (13M/9F/5NA),13,13,9,5,1,0.692,0.385,NA,NA
SLIMBRIDG,23382612 | [SLIMBRIDG/910134],YES,1,1988,NA,0,27 (13M/9F/5NA),13,13,9,5,1,0.692,0.385,NA,NA
SLIMBRIDG,23382613 | [SLIMBRIDG/910135],YES,1,1988,NA,0,27 (12M/10F/5NA),12,12,10,5,1,0.833,0.417,NA,NA
SLIMBRIDG,23382616 | [SLIMBRIDG/910571],YES,1,1986,NA,0,12 (6M/6F),12,6,6,0,0.5,0.5,0,NA,NA
SLIMBRIDG,23382619 | [SLIMBRIDG/910575],YES,1,1987,NA,0,12(7M/5F),12,7,5,0,0.583,0.417,0,NA,NA
SLIMBRIDG,23382620 | [SLIMBRIDG/910576],YES,1,1981,NA,0,6 (2M/4F),6,2,4,0,0.333,0.667,0,NA,NA
SLIMBRIDG,23385193 | [SLIMBRIDG/910121],YES,1,1988,NA,0,27 (13M/10F/4NA),27,13,10,4,0.481,0.37,0.148,NA,NA
SLIMBRIDG,23385194 | [SLIMBRIDG/910578],YES,1,1988,NA,0,27 (13M/10F/4NA),27,13,10,4,0.481,0.37,0.148,NA,NA
SLIMBRIDG,23385195 | [SLIMBRIDG/910122],YES,1,1988,NA,0,27 (13M/10F/4NA),27,13,10,4,0.481,0.37,0.148,NA,NA
SLIMBRIDG,23385196 | [SLIMBRIDG/910579],YES,1,1988,NA,0,27 (13M/10F/4NA),27,13,10,4,0.481,0.37,0.148,NA,NA
SLIMBRIDG,23386310 | [SLIMBRIDG/1024],YES,1,1999,NA,0,56 (25M/26F/5NA),56,25,26,5,0.446,0.464,0.089,NA,NA
SLIMBRIDG,23386935 | [SLIMBRIDG/1020],YES,1,1999,NA,0,56 (25M/26F/5NA),56,25,26,5,0.446,0.464,0.089,NA,NA
SLIMBRIDG,23539864 | [SLIMBRIDG/3333],YES,1,2008,NA,0,25 (13M/12F),25,13,12,0,0.52,0.48,0,NA,NA
SLIMBRIDG,26387327 | [SLIMBRIDG/4504],YES,1,2009,NA,0,32 (16M/16F),32,16,16,0,0.5,0.5,0,NA,NA
SLIMBRIDG,26387328 | [SLIMBRIDG/4505],YES,1,2009,NA,0,32 (16M/16F),32,16,16,0,0.5,0.5,0,NA,NA
SLIMBRIDG,26387329 | [SLIMBRIDG/4506],YES,1,2009,NA,0,32 (16M/16F),32,16,16,0,0.5,0.5,0,NA,NA
SLIMBRIDG,26538312 | [CHESTER/CZ768],YES,1,2003,NA,0,61 (27M/29F/5NA),61,27,29,5,0.443,0.475,0.082,NA,NA
SLIMBRIDG,27044501 | [SLIMBRIDG/1017],YES,1,1999,NA,0,56 (26/25F/5NA),56,26,25,5,0.464,0.446,0.089,NA,NA
SLIMBRIDG,27044502 | [SLIMBRIDG/3330],YES,1,2008,NA,0,25 (14M/11F),25,14,11,0,0.56,0.44,0,NA,NA
SLIMBRIDG,27044503 | [SLIMBRIDG/3334],YES,1,2008,NA,0,25 (13M/12F),25,13,12,0,0.52,0.48,0,NA,NA
SLIMBRIDG,27044504 | [SLIMBRIDG/3328],YES,1,2008,NA,0,25 (14M/11F),25,14,11,0,0.56,0.44,0,NA,NA
SLIMBRIDG,27044539 | [SLIMBRIDG/1018],YES,1,1999,NA,0,56 (26M/25F/5NA),25,26,25,5,1.04,1,0.2,NA,NA
SLIMBRIDG,27044540 | [SLIMBRIDG/3331],YES,1,2008,NA,0,25 (13M/12F),25,13,12,0,0.52,0.48,0,NA,NA
SLIMBRIDG,27044541 | [LLANELLI/1345],YES,1,1999,NA,0,56 (26M/25F/5NA),25,26,25,5,1.04,1,0.2,NA,NA
SLIMBRIDG,27044542 | [SLIMBRIDG/3332],YES,1,2008,NA,0,25 (13M/12F),25,13,12,0,0.52,0.48,0,NA,NA
SLIMBRIDG,27044543 | [SLIMBRIDG/1029],YES,1,2002,NA,0,58 (26M/27F/5NA),58,26,27,5,0.448,0.466,0.086,NA,NA
SLIMBRIDG,27044544 | [LLANELLI/1344],YES,1,1998,NA,0,46 (21M/20F/5NA),46,21,20,5,0.457,0.435,0.109,NA,NA
SLIMBRIDG,27044547 | [SLIMBRIDG/1013],YES,1,1997,NA,0,42 (19M/18F/5NA),42,19,18,5,0.452,0.429,0.119,NA,NA
SLIMBRIDG,27044548 | [SLIMBRIDG/1023],YES,1,1999,NA,0,56 (25M/26F/5NA),56,25,26,5,0.446,0.464,0.089,NA,NA
SLIMBRIDG,27044640 | [SLIMBRIDG/4507],YES,1,2009,NA,0,25 (13M/12F),25,13,12,0,0.52,0.48,0,NA,NA
SLIMBRIDG,27044641 | [SLIMBRIDG/4508],YES,1,2009,NA,0,25 (13M/12F),25,13,12,0,0.52,0.48,0,NA,NA
SLIMBRIDG,27045022 | [SLIMBRIDG/1022],YES,1,1999,NA,0,56 (25M/26F/5NA),56,25,26,5,0.446,0.464,0.089,NA,NA
SLIMBRIDG,27045025 | [SLIMBRIDG/5127],YES,1,2009,NA,0,25 (14M/11F),25,14,11,0,0.56,0.44,0,NA,NA
SLIMBRIDG,27045028 | [SLIMBRIDG/5130],YES,1,2009,NA,0,25 (14M/11F),25,14,11,0,0.56,0.44,0,NA,NA
SLIMBRIDG,FPG12-00036 | [SLIMBRIDG/7667],YES,1,2014,NA,0,34 (17M/14F/3NA),34,17,14,3,0.5,0.412,0.088,NA,NA
SLIMBRIDG,FPG12-00037 | [WLDFWL TR/2522],YES,1,2014,NA,0,34 (17M/14F/3NA),34,17,14,3,0.5,0.412,0.088,NA,NA
SLIMBRIDG,FPG16-03624 | [SLIMBRIDG/113394],YES,1,2017,NA,0,19 (14M/5F),19,14,5,0,0.737,0.263,0,NA,NA
SLIMBRIDG,MIG12-28682896 | [SLIMBRIDG/341],YES,1,1989,NA,0,39 (18M/16F/5NA),39,18,16,5,0.462,0.41,0.128,NA,NA
SLIMBRIDG,MIG12-28683232 | [SLIMBRIDG/89],YES,1,1998,NA,0,46 (22M/19F/5NA),46,22,19,5,0.478,0.413,0.109,NA,NA
SLIMBRIDG,MIG12-28683324 | [SLIMBRIDG/190],YES,1,1999,NA,0,56 (26M/25F/5NA),56,26,25,5,0.464,0.446,0.089,NA,NA
SLIMBRIDG,MIG12-28683325 | [SLIMBRIDG/1015],YES,1,1998,NA,0,46 (21M/20F/5NA),46,21,20,5,0.457,0.435,0.109,NA,NA
SLIMBRIDG,MIG12-28926118 | [SLIMBRIDG/1016],YES,1,1999,NA,0,56 (26M/25F/5NA),56,26,25,5,0.464,0.446,0.089,NA,NA
SLIMBRIDG,MIG12-29038042 | [SLIMBRIDG/6373],YES,1,2005,NA,0,22 (10M/12F),22,10,12,0,0.455,0.545,0,NA,NA
SLIMBRIDG,MIG12-29145246 | [SLIMBRIDG/1021],YES,1,1999,NA,0,56 (25M/26F/5NA),56,25,26,5,0.446,0.464,0.089,NA,NA
SLIMBRIDG,MIG12-29453658 | [SLIMBRIDG/1011],YES,1,1992,NA,0,40 (18M/17F/5NA),40,18,17,5,0.45,0.425,0.125,NA,NA
SLIMBRIDG,MIG12-29453948 | [LLANELLI/1342],YES,1,2011,NA,0,44 (22M/17F/5NA),44,22,17,5,0.5,0.386,0.114,NA,NA
SLIMBRIDG,MIG12-29453949 | [SLIMBRIDG/6820],YES,1,2011,NA,0,44 (21M/18F/5NA),44,21,18,5,0.477,0.409,0.114,NA,NA
SLIMBRIDG,MIG12-29453950 | [BURSCOUGH/3824],YES,1,2011,NA,0,44 (21M/18F/5NA),44,21,18,5,0.477,0.409,0.114,NA,NA
SLIMBRIDG,MIG12-29454059 | [SLIMBRIDG/6958],YES,1,2011,NA,0,44 (21M/18F/5NA),44,21,18,5,0.477,0.409,0.114,NA,NA
SLIMBRIDG,MIG12-29454060 | [LLANELLI/1343],YES,1,2011,NA,0,44 (21M/18F/5NA),44,21,18,5,0.477,0.409,0.114,NA,NA
SLIMBRIDG,MIG12-29647382 | [SLIMBRIDG/3335],YES,1,2008,NA,0,25 (13M/12F),25,13,12,0,0.52,0.48,0,NA,NA
SLIMBRIDG,MIG12-29917744 | [SLIMBRIDG/3329],YES,1,2008,NA,0,25 (14M/11F),25,14,11,0,0.56,0.44,0,NA,NA
HUNBSTRND,11737990 | [HUNBSTRND/201106],YES,1,2001,2 (1M/1F),1,20 (8M/4F/8NA),20,8,4,8,0.4,0.2,0.4,7,7
HUNBSTRND,11737992 | [HUNBSTRND/201104],YES,1,2001,2 (1M/1F),1,20 (7M/5F/8NA),20,7,5,8,0.35,0.25,0.4,7,7
HUNBSTRND,11737995 | [HUNBSTRND/201102],YES,1,2001,2 (1M/1F),1,20 (7M/5F/8NA),20,7,5,8,0.35,0.25,0.4,7,7
HUNBSTRND,1476888 | [HUNBSTRND/960176],NO,0,1996,2 (1M/1F),1,12 (6M/6F),12,6,6,0,0.5,0.5,0,4,4
HUNBSTRND,14845245 | [HUNBSTRND/205033],NO,0,2005,2 (1M/1F),1,16 (6M/9F/1NA),16,6,9,1,0.375,0.563,0.063,11,4
HUNBSTRND,14845246 | [HUNBSTRND/205034],NO,0,2005,2 (1M/1F),1,16 (6M/9F/1NA),16,6,9,1,0.375,0.563,0.063,11,4
HUNBSTRND,14845296 | [HUNBSTRND/201105],YES,1,2001,2 (1M/1F),1,20 (7M/5F/8NA),20,7,5,8,0.35,0.25,0.4,4,4
HUNBSTRND,14845298 | [HUNBSTRND/204037],YES,1,2004,2 (1M/1F),1,21 (6M/10F/5NA),21,6,10,5,0.286,0.476,0.238,10,10
HUNBSTRND,14845299 | [HUNBSTRND/204042],YES,1,2004,2 (1M/1F),1,21 (6M/10F/5NA),21,6,10,5,0.286,0.476,0.238,10,3
HUNBSTRND,14845302 | [HUNBSTRND/205075],YES,1,2005,2 (1M/1F),1,16 (5M/9F/2NA),16,5,9,2,0.313,0.563,0.125,11,11
HUNBSTRND,15946535 [HELSINKI/970131],YES,1,1996,2 (1M/1F),1,12 (6M/5F/1UN),12,6,5,1,0.5,0.417,0.083,7,4
HUNBSTRND,15946536 | [HUNBSTRND/960173],YES,1,1996,2 (1M/1F),1,12 (5M/6F/1UN),12,5,6,1,0.417,0.5,0.083,7,4
HUNBSTRND,15946537 | [HUNBSTRND/960174],YES,1,1996,2 (1M/1F),1,12 (5M/6F/1UN),12,5,6,1,0.417,0.5,0.083,7,4
HUNBSTRND,15946658 | [HUNBSTRND/980138],YES,1,1998,2 (1M/1F),1,13 (6M/7F),13,6,7,0,0.462,0.538,0,9,6
HUNBSTRND,15946659 | [HUNBSTRND/980139],YES,1,1998,2 (1M/1F),1,13 (6M/7F),13,6,7,0,0.462,0.538,0,9,6
HUNBSTRND,15946660 | [HUNBSTRND/980140],YES,1,1998,2 (1M/1F),1,13 (7M/6F),13,7,6,0,0.538,0.462,0,9,6
HUNBSTRND,15946661 | [HUNBSTRND/980141],YES,1,1998,2 (1M/1F),1,13 (7M/6F),13,7,6,0,0.538,0.462,0,9,6
HUNBSTRND,2056979 | [HUNBSTRND/970037],YES,1,1997,2 (1M/1F),1,21 (9M/12F),21,9,12,0,0.429,0.571,0,3,8
HUNBSTRND,2056980 | [HUNBSTRND/970038],YES,1,1997,2 (1M/1F),1,21 (9M/12F),21,9,12,0,0.429,0.571,0,3,8
HUNBSTRND,2056981 | [HUNBSTRND/970039],YES,1,1997,2 (1M/1F),1,21 (10M/11F),21,10,11,0,0.476,0.524,0,3,8
HUNBSTRND,2056982 | [HUNBSTRND/970040],YES,1,1997,2 (1M/1F),1,21 (10M/11F),21,10,11,0,0.476,0.524,0,3,8
HUNBSTRND,2056986 | [HUNBSTRND/970136],YES,1,1997,2 (1M/1F),1,21 (9M/12F),21,9,12,0,0.429,0.571,0,8,5
HUNBSTRND,2056987 | [HUNBSTRND/970137],YES,1,1997,2 (1M/1F),1,21 (9M/12F),21,9,12,0,0.429,0.571,0,8,5
HUNBSTRND,2056988 | [HUNBSTRND/970138],YES,1,1997,2 (1M/1F),1,21 (10M/11F),21,10,11,0,0.476,0.524,0,8,5
HUNBSTRND,2056989 | [HUNBSTRND/970139],YES,1,1997,2 (1M/1F),1,21 (10M/11F),21,10,11,0,0.476,0.524,0,8,5
HUNBSTRND,2056993 | [HUNBSTRND/970149],YES,1,1997,2 (1M/1F),1,21 (10M/11F),21,10,11,0,0.476,0.524,0,5,5
HUNBSTRND,2056994 | [HUNBSTRND/970150],YES,1,1997,2 (1M/1F),1,21 (10M/11F),21,10,11,0,0.476,0.524,0,3,3
HUNBSTRND,24047775 | [HUNBSTRND/205074],YES,1,2005,2 (1M/1F),1,16 (6M/8F/2NA),16,6,8,2,0.375,0.5,0.125,11,11
HUNBSTRND,24047814 | [HUNBSTRND/205035],YES,1,2005,2 (1M/1F),1,16 (5M/9F/2NA),16,5,9,2,0.313,0.563,0.125,11,4
HUNBSTRND,2426697 | [HUNBSTRND/960175],YES,1,1996,2 (1M/1F),1,12 (6M/5F/1NA),12,6,5,1,0.5,0.417,0.083,4,4
HUNBSTRND,24789909 | [KERKRADE/B07312],YES,1,2007,2 (1M/1F),1,43 (20M/22F/1NA),43,20,22,1,0.465,0.512,0.023,13,6
HUNBSTRND,24789945 | [HUNBSTRND/207059],YES,1,2007,2 (1M/1F),1,43 (20M/22F/1NA),43,20,22,1,0.465,0.512,0.023,13,6
HUNBSTRND,25961883 | [HUNBSTRND/209035],NO,0,2009,2 (1M/1F),1,62 (37M/25F),62,37,25,0,0.597,0.403,0,15,8
HUNBSTRND,25961884 | [ZURICH/B40515],YES,1,2009,2 (1M/1F),1,62 (36/25F/1NA),62,36,25,1,0.581,0.403,0.016,15,8
HUNBSTRND,25961885 | [RANUA/214031],YES,1,2009,2 (1M/1F),1,62 (36/25F/1NA),62,36,25,1,0.581,0.403,0.016,15,8
HUNBSTRND,25961886 | [HUNBSTRND/209038],YES,1,2009,2 (1M/1F),1,62 (37M/24F/1NA),62,37,24,1,0.597,0.387,0.016,15,8
HUNBSTRND,25961887 | [AHTARI/214040],YES,1,2009,2 (1M/1F),1,62 (37M/24F/1NA),62,37,24,1,0.597,0.387,0.016,9,8
HUNBSTRND,27093470 | [HUNBSTRND/209044],YES,1,2009,2 (1M/1F),1,62 (36/25F/1NA),62,36,25,1,0.581,0.403,0.016,4,3
HUNBSTRND,27093471 | [HUNBSTRND/209061],YES,1,2009,NA,0,62 (36/25F/1NA),62,36,25,1,0.581,0.403,0.016,NA,NA
HUNBSTRND,27093472 | [HUNBSTRND/209062],YES,1,2009,NA,0,62 (36/25F/1NA),62,36,25,1,0.581,0.403,0.016,NA,NA
HUNBSTRND,27213067 | [HUNBSTRND/209122],NO,0,1999,2 (1M/1F),1,14 (6M/7M/1NA),14,6,7,1,0.429,0.5,0.071,5,5
HUNBSTRND,273896 [HELSINKI/970130],NO,0,1999,2 (1M/1F),1,14 (6M/7M/1NA),14,6,7,1,0.429,0.5,0.071,5,5
HUNBSTRND,4085896 | [HUNBSTRND/200143],YES,1,2000,2 (1M/1F),1,30 (8M/7F/15),30,8,7,15,0.267,0.233,0.5,6,6
HUNBSTRND,4085898 | [HUNBSTRND/200145],NO,0,2000,2 (1M/1F),1,30 (8M/7F/15),30,8,7,15,0.267,0.233,0.5,6,6
HUNBSTRND,4085899 | [HUNBSTRND/200146],NO,0,2000,2 (1M/1F),1,30 (8M/7F/15),30,8,7,15,0.267,0.233,0.5,6,6
HUNBSTRND,4287576 | [HUNBSTRND/200192],YES,1,2000,2 (1M/1F),1,30 (8M/7F/15),30,8,7,15,0.267,0.233,0.5,11,8
HUNBSTRND,4287581 | [HUNBSTRND/960168],YES,1,1996,2 (1M/1F),1,12 (6M/5F/1NA),12,6,5,1,0.5,0.417,0.083,2,7
HUNBSTRND,4287584 | [HUNBSTRND/960177],YES,1,1996,2 (1M/1F),1,12 (5M/6F/1NA),12,5,6,1,0.417,0.5,0.083,4,4
HUNBSTRND,4287590 | [HUNBSTRND/980253],YES,1,1998,2 (1M/1F),1,13 (7M/6F),13,7,6,0,0.538,0.462,0,6,6
HUNBSTRND,4287591 | [HUNBSTRND/980254],YES,1,1998,2 (1M/1F),1,13 (7M/6F),13,7,6,0,0.538,0.462,0,4,4
HUNBSTRND,4287592 | [HUNBSTRND/990119],YES,1,1999,2 (1M/1F),1,14 (6M/7F/2NA),14,6,7,2,0.429,0.5,0.143,5,5
HUNBSTRND,4287593 | [HUNBSTRND/990120],YES,1,1999,2 (1M/1F),1,14 (7M/6F/2NA),14,7,6,2,0.5,0.429,0.143,5,5
HUNBSTRND,4287594 | [HUNBSTRND/990121],YES,1,1999,2 (1M/1F),1,14 (6M/7F2NA),14,6,7,2,0.429,0.5,0.143,5,5
HUNBSTRND,4287595 | [HUNBSTRND/990124],YES,1,1999,2 (1M/1F),1,14 (7M/6F/2NA),14,7,6,2,0.5,0.429,0.143,10,7
HUNBSTRND,4287596 | [HUNBSTRND/990125],YES,1,1999,2 (1M/1F),1,14 (6M/7F/2NA),14,6,7,2,0.429,0.5,0.143,10,7
HUNBSTRND,4287597 | [HUNBSTRND/990126],YES,1,1999,2 (1M/1F),1,14 (7M/6F/2NA),14,7,6,2,0.5,0.429,0.143,10,7
HUNBSTRND,4287598 | [HUNBSTRND/990127],YES,1,1999,2 (1M/1F),1,14 (7M/6F/2NA),14,7,6,2,0.5,0.429,0.143,10,7
HUNBSTRND,4287619 | [HUNBSTRND/200135],YES,1,2000,2 (1M/1F),1,30 (8M/7F/15NA),30,8,7,15,0.267,0.233,0.5,6,11
HUNBSTRND,4287620 | [HUNBSTRND/200136],YES,1,2000,2 (1M/1F),1,30 (8M/7F/15NA),30,8,7,15,0.267,0.233,0.5,6,11
HUNBSTRND,4287621 | [HUNBSTRND/200137],YES,1,2000,2 (1M/1F),1,30 (8M/7F/15NA),30,8,7,15,0.267,0.233,0.5,6,11
HUNBSTRND,4287622 | [HUNBSTRND/200138],YES,1,2000,2 (1M/1F),1,30 (8M/7F/15NA),30,8,7,15,0.267,0.233,0.5,6,11
HUNBSTRND,4287623 | [HUNBSTRND/200139],YES,1,2000,2 (1M/1F),1,30 (8M/7F/15NA),30,8,7,15,0.267,0.233,0.5,6,11
HUNBSTRND,4287624 | [HUNBSTRND/200140],YES,1,2000,2 (1M/1F),1,30 (8M/7F/15NA),30,8,7,15,0.267,0.233,0.5,6,11
HUNBSTRND,4287625 | [HUNBSTRND/200141],YES,1,2000,2 (1M/1F),1,30 (8M/7F/15NA),30,8,7,15,0.267,0.233,0.5,6,6
HUNBSTRND,4287626 | [HUNBSTRND/200142],YES,1,2000,2 (1M/1F),1,30 (8M/7F/15NA),30,8,7,15,0.267,0.233,0.5,6,6
HUNBSTRND,4287627 | [HUNBSTRND/200144],YES,1,2000,2 (1M/1F),1,30 (8M/7F/15NA),30,8,7,15,0.267,0.233,0.5,6,6
HUNBSTRND,4287628 | [HUNBSTRND/200189],YES,1,2000,2 (1M/1F),1,30 (8M/7F/15NA),30,8,7,15,0.267,0.233,0.5,11,8
HUNBSTRND,4287629 | [HUNBSTRND/200190],YES,1,2000,2 (1M/1F),1,30 (8M/7F/15NA),30,8,7,15,0.267,0.233,0.5,11,8
HUNBSTRND,4287630 | [HUNBSTRND/200191],YES,1,2000,2 (1M/1F),1,30 (8M/7F/15NA),30,8,7,15,0.267,0.233,0.5,11,8
HUNBSTRND,5457285 | [HUNBSTRND/201041],NO,0,2001,2 (1M/1F),1,30 (8M/7F/15NA),30,8,7,15,0.267,0.233,0.5,6,11
HUNBSTRND,7899051 | [HUNBSTRND/201103],YES,1,2001,2 (1M/1F),1,20 (8M/5F/7NA),20,8,5,7,0.4,0.25,0.35,7,7
HUNBSTRND,7899052 | [HUNBSTRND/201042],YES,1,2001,2 (1M/1F),1,20 (8M/5F/7NA),20,8,5,7,0.4,0.25,0.35,12,9
HUNBSTRND,846320 | [HUNBSTRND/930173],NO,0,1993,2 (1M/1F),1,8 (3M/4F/1NA),8,3,4,1,0.375,0.5,0.125,4,4
HUNBSTRND,846321 | [HUNBSTRND/930174],NO,0,1993,2 (1M/1F),1,8 (3M/4F/1NA),8,3,4,1,0.375,0.5,0.125,4,4
HUNBSTRND,9489079 | [HUNBSTRND/202225],YES,1,2002,2 (1M/1F),1,24 (10M/7F/7NA),24,10,7,7,0.417,0.292,0.292,NA,8
HUNBSTRND,9489080 | [HUNBSTRND/980137],YES,1,1998,2 (1M/1F),1,13 (6M/7F),13,6,7,0,0.462,0.538,0,9,6
HUNBSTRND,9489093 | [HUNBSTRND/201037],YES,1,2001,2 (1M/1F),1,20 (8M/5F/7NA),20,8,5,7,0.4,0.25,0.35,12,9
HUNBSTRND,9489094 | [HUNBSTRND/201038],YES,1,2001,2 (1M/1F),1,20 (8M/5F/7NA),20,8,5,7,0.4,0.25,0.35,12,9
HUNBSTRND,9489095 | [HUNBSTRND/201039],YES,1,2001,2 (1M/1F),1,20 (8M/5F/7NA),20,8,5,7,0.4,0.25,0.35,12,9
HUNBSTRND,9489096 | [HUNBSTRND/201040],YES,1,2001,2 (1M/1F),1,20 (8M/5F/7NA),20,8,5,7,0.4,0.25,0.35,12,9
HUNBSTRND,9489097 | [HUNBSTRND/201043],YES,1,2001,2 (1M/1F),1,20 (8M/5F/7NA),20,8,5,7,0.4,0.25,0.35,12,9
HUNBSTRND,9489098 | [HUNBSTRND/202074],YES,1,2002,2 (1M/1F),1,24 (9M/8F/7NA),24,9,8,7,0.375,0.333,0.292,NA,8
HUNBSTRND,MIG12-28711747 | [HUNBSTRND/210070],YES,1,2010,2 (1M/1F),1,69 (38M/27F/4NA),69,38,27,4,0.551,0.391,0.058,5,4
HUNBSTRND,MIG12-28711748 | [HUNBSTRND/210071],YES,1,2010,2 (1M/1F),1,69 (39M/26F/4NA),69,39,26,4,0.565,0.377,0.058,5,4
HUNBSTRND,MIG12-28711749 | [HUNBSTRND/210072],YES,1,2010,2 (1M/1F),1,69 (39M/26F/4NA),69,39,26,4,0.565,0.377,0.058,5,4
HUNBSTRND,MIG12-28711750 | [HUNBSTRND/210073],YES,1,2010,2 (1M/1F),1,69 (39M/26F/4NA),69,39,26,4,0.565,0.377,0.058,5,4
HUNBSTRND,MIG12-28996135 | [HUNBSTRND/210074],YES,1,2010,2 (1M/1F),1,69 (38M/27F/4NA),69,39,27,4,0.565,0.391,0.058,5,4
HUNBSTRND,MIG12-28996136 | [HUNBSTRND/210075],YES,1,2010,2 (1M/1F),1,69 (38M/27F/4NA),69,38,27,4,0.551,0.391,0.058,5,4
HUNBSTRND,MIG12-28996137 | [HUNBSTRND/210076],YES,1,2010,2 (1M/1F),1,69 (38M/27F/4NA),69,38,27,4,0.551,0.391,0.058,5,4
HUNBSTRND,MIG12-28996138 | [HUNBSTRND/210077],YES,1,2010,2 (1M/1F),1,69 (38M/27F/4NA),69,38,27,4,0.551,0.391,0.058,5,4
HUNBSTRND,MIG12-28996163 | [HUNBSTRND/208064],YES,1,2008,2 (1M/1F),1,69 (38M/27F/4NA),69,38,27,4,0.551,0.391,0.058,3,2
HUNBSTRND,MIG12-28996164 | [HUNBSTRND/208065],YES,1,2008,2 (1M/1F),1,69 (38M/27F/4NA),69,38,27,4,0.551,0.391,0.058,3,2
HUNBSTRND,MIG12-28996180 | [HUNBSTRND/210051],YES,1,2010,2 (1M/1F),1,69 (38M/27F/4NA),69,38,27,4,0.551,0.391,0.058,5,5
HUNBSTRND,MIG12-28996181 | [HUNBSTRND/210052],YES,1,2010,2 (1M/1F),1,69 (38M/27F/4NA),69,38,27,4,0.551,0.391,0.058,5,5
HUNBSTRND,MIG12-28996182 | [HUNBSTRND/210078],YES,1,2010,2 (1M/1F),1,69 (39M/26F/4NA),69,39,26,4,0.565,0.377,0.058,5,4
HUNBSTRND,ZDW12-00004 | [HUNBSTRND/203038],YES,1,2003,2 (1M/1F),1,31 (10M/11F/10NA),31,10,11,10,0.323,0.355,0.323,9,9
HUNBSTRND,ZDW12-00005 | [HUNBSTRND/203039],YES,1,2003,2 (1M/1F),1,31(11M/10F/10NA),31,11,10,10,0.355,0.323,0.323,9,9
HUNBSTRND,ZDW12-00006 | [HUNBSTRND/203040],YES,1,2003,2 (1M/1F),1,31(11M/10F/10NA),31,11,10,10,0.355,0.323,0.323,9,9
HUNBSTRND,ZDW12-00007 | [HUNBSTRND/203041],YES,1,2003,2 (1M/1F),1,31(11M/10F/10NA),31,11,10,10,0.355,0.323,0.323,9,9
HUNBSTRND,ZDW12-00008 | [HUNBSTRND/203042],NO,0,2003,2 (1M/1F),1,31 (11M/11F/9NA),31,11,11,9,0.355,0.355,0.29,9,4
HUNBSTRND,ZDW12-00009 | [HUNBSTRND/203043],NO,0,2003,2 (1M/1F),1,31 (11M/11F/9NA),31,11,11,9,0.355,0.355,0.29,9,4
HUNBSTRND,ZDW12-00010 | [HUNBSTRND/203044],NO,0,2003,2 (1M/1F),1,31 (11M/11F/9NA),31,11,11,9,0.355,0.355,0.29,9,4
HUNBSTRND,ZDW12-00011 | [HUNBSTRND/204038],NO,0,2004,2 (1M/1F),1,21 (6M/11F/4NA),21,6,11,4,0.286,0.524,0.19,10,3
HUNBSTRND,ZDW12-00012 | [HUNBSTRND/204039],NO,0,2004,2 (1M/1F),1,21 (6M/11F/4NA),21,6,11,4,0.286,0.524,0.19,10,3
HUNBSTRND,ZDW12-00013 | [HUNBSTRND/204040],NO,0,2004,2 (1M/1F),1,21 (6M/11F/4NA),21,6,11,4,0.286,0.524,0.19,10,3
HUNBSTRND,ZDW12-00014 | [HUNBSTRND/204041],NO,0,2004,2 (1M/1F),1,21 (6M/11F/4NA),21,6,11,4,0.286,0.524,0.19,10,3
HUNBSTRND,ZDW12-00015 | [HUNBSTRND/204043],NO,0,2004,2 (1M/1F),1,21 (6M/11F/4NA),21,6,11,4,0.286,0.524,0.19,10,10
HUNBSTRND,ZDW12-00016 | [HUNBSTRND/206059],YES,1,2006,2 (1M/1F),1,28 (13M/14F/1NA),28,13,14,1,0.464,0.5,0.036,12,5
HUNBSTRND,ZDW12-00017 | [HUNBSTRND/206060],YES,1,2006,2 (1M/1F),1,28 (12M/15F/1NA),28,12,15,1,0.429,0.536,0.036,12,5
HUNBSTRND,ZDW12-00018 | [KERKRADE/B06310],YES,1,2006,2 (1M/1F),1,28 (12M/15F/1NA),28,12,15,1,0.429,0.536,0.036,12,5
HUNBSTRND,ZDW12-00019 | [HUNBSTRND/206062],NO,0,2006,2 (1M/1F),1,28 (13M/15F),28,13,15,0,0.464,0.536,0,12,5
HUNBSTRND,ZDW12-00021 | [HUNBSTRND/207012],YES,1,2007,2 (1M/1F),1,43 (21M/21F/1NA),43,21,21,1,0.488,0.488,0.023,7,6
HUNBSTRND,ZDW12-00022 | [HUNBSTRND/207013],NO,0,2007,2 (1M/1F),1,43 (21M/22F),43,21,22,0,0.488,0.512,0,7,6
HUNBSTRND,ZDW12-00023 | [KERKRADE/B07311],YES,1,2007,2 (1M/1F),1,43 (20M/22F/1NA),43,20,22,1,0.465,0.512,0.023,6,4
HUNBSTRND,ZDW12-00024 | [HUNBSTRND/207015],YES,1,2007,2 (1M/1F),1,43 (20M/22F/1NA),43,20,22,1,0.465,0.512,0.023,6,4
HUNBSTRND,ZDW12-00025 | [RANUA/214030],YES,1,2007,2 (1M/1F),1,43 (21M/21F/1NA),43,21,21,1,0.488,0.488,0.023,6,4
HUNBSTRND,ZDW12-00026 | [HUNBSTRND/207026],YES,1,2007,2 (1M/1F),1,43 (20M/22F/1NA),43,20,22,1,0.465,0.512,0.023,13,6
HUNBSTRND,ZDW12-00027 | [KERKRADE/B07313],YES,1,2007,2 (1M/1F),1,43 (20M/22F/1NA),43,20,22,1,0.465,0.512,0.023,13,6
HUNBSTRND,ZDW12-00028 | [HUNBSTRND/207029],YES,1,2007,2 (1M/1F),1,43 (21M/21F/1NA),43,21,21,1,0.488,0.488,0.023,13,6
HUNBSTRND,ZDW12-00029 | [ZURICH/B40510],YES,1,2007,2 (1M/1F),1,43 (21M/21F/1NA),43,21,21,1,0.488,0.488,0.023,6,13
HUNBSTRND,ZDW12-00030 | [HUNBSTRND/207057],YES,1,2007,2 (1M/1F),1,43 (20M/22F/1NA),43,20,22,1,0.465,0.512,0.023,6,13
HUNBSTRND,ZDW12-00031 | [KERKRADE/B07314],YES,1,2007,2 (1M/1F),1,43 (20M/22F/1NA),43,20,22,1,0.465,0.512,0.023,6,13
HUNBSTRND,ZDW12-00033 | [KERKRADE/B09315],YES,1,2009,2 (1M/1F),1,62 (36M/25F/1NA),62,36,25,1,0.581,0.403,0.016,9,8
HUNBSTRND,ZDW12-00034 | [HUNBSTRND/209065],YES,1,2009,2 (1M/1F),1,62 (37M/24F/1NA),62,37,24,1,0.597,0.387,0.016,9,8
HUNBSTRND,ZDW12-00035 | [HUNBSTRND/209066],YES,1,2009,2 (1M/1F),1,62 (36M/25F/1NA),62,36,25,1,0.581,0.403,0.016,9,8
HUNBSTRND,ZDW12-00036 | [ZURICH/B40516],YES,1,2009,2 (1M/1F),1,62 (36M/25F/1NA),62,36,25,1,0.581,0.403,0.016,8,6
HUNBSTRND,ZDW12-00060 | [HUNBSTRND/211055],YES,1,2011,2 (1M/1F),1,88 (49M/35F/4NA),88,49,35,4,0.557,0.398,0.045,6,5
HUNBSTRND,ZDW12-00061 | [HUNBSTRND/211057],YES,1,2011,2 (1M/1F),1,88 (49M/35F/4NA),88,49,35,4,0.557,0.398,0.045,6,5
HUNBSTRND,ZDW12-00062 | [HUNBSTRND/211058],YES,1,2011,2 (1M/1F),1,88 (49M/35F/4NA),88,49,35,4,0.557,0.398,0.045,4,3
HUNBSTRND,ZDW12-00063 | [HUNBSTRND/211059],YES,1,2011,2 (1M/1F),1,88 (49M/35F/4NA),88,49,35,4,0.557,0.398,0.045,4,3
HUNBSTRND,ZDW12-00064 | [HUNBSTRND/211060],YES,1,2011,2 (1M/1F),1,88 (50M/34F/4NA),88,50,34,4,0.568,0.386,0.045,4,3
HUNBSTRND,ZDW12-00065 | [HUNBSTRND/211061],YES,1,2011,2 (1M/1F),1,88 (49M/35F/4NA),88,49,35,4,0.557,0.398,0.045,6,5
HUNBSTRND,ZDW12-00066 | [HUNBSTRND/211062],YES,1,2011,2 (1M/1F),1,88 (49M/35F/4NA),88,49,35,4,0.557,0.398,0.045,6,5
HUNBSTRND,ZDW12-00067 | [HUNBSTRND/211064],YES,1,2011,2 (1M/1F),1,88 (50M/34F/4NA),88,50,34,4,0.568,0.386,0.045,6,5
HUNBSTRND,ZDW12-00068 | [HUNBSTRND/211065],YES,1,2011,2 (1M/1F),1,88 (50M/34F/4NA),88,50,34,4,0.568,0.386,0.045,6,5
HUNBSTRND,ZDW12-00069 | [HUNBSTRND/211098],YES,1,2011,2 (1M/1F),1,88 (49M/35F/4NA),88,49,35,4,0.557,0.398,0.045,6,6
HUNBSTRND,ZDW12-00127 | [HUNBSTRND/212054],YES,1,2012,2 (1M/1F),1,116 (45M/48F/23NA),116,45,48,23,0.388,0.414,0.198,5,3
HUNBSTRND,ZDW12-00128 | [HUNBSTRND/212055],YES,1,2012,2 (1M/1F),1,116 (45M/48F/23NA),116,45,48,23,0.388,0.414,0.198,5,3
HUNBSTRND,ZDW12-00129 | [HUNBSTRND/212056],YES,1,2012,2 (1M/1F),1,116 (44M/49F/23NA),116,44,49,23,0.379,0.422,0.198,5,4
HUNBSTRND,ZDW12-00130 | [HUNBSTRND/212057],YES,1,2012,2 (1M/1F),1,116 (44M/49F/23NA),116,44,49,23,0.379,0.422,0.198,5,4
HUNBSTRND,ZDW12-00131 | [HUNBSTRND/212058],YES,1,2012,2 (1M/1F),1,116 (45M/49F/22NA),116,45,49,22,0.388,0.422,0.19,5,4
HUNBSTRND,ZDW12-00132 | [HUNBSTRND/212059],YES,1,2012,2 (1M/1F),1,116 (44M/49F/23NA),116,44,49,23,0.379,0.422,0.198,5,4
HUNBSTRND,ZDW12-00133 | [HUNBSTRND/212060],YES,1,2012,2 (1M/1F),1,116 (45M/48F/23NA),116,45,48,23,0.388,0.414,0.198,5,4
HUNBSTRND,ZDW12-00134 | [HUNBSTRND/212061],YES,1,2012,2 (1M/1F),1,116 (44M/49F/23NA),116,44,49,23,0.379,0.422,0.198,7,6
HUNBSTRND,ZDW12-00135 | [HUNBSTRND/212062],YES,1,2012,2 (1M/1F),1,116 (44M/49F/23NA),116,44,49,23,0.379,0.422,0.198,7,6
HUNBSTRND,ZDW12-00136 | [HUNBSTRND/212063],YES,1,2012,2 (1M/1F),1,116 (45M/48F/23NA),116,45,48,23,0.388,0.414,0.198,7,6
HUNBSTRND,ZDW12-00137 | [HUNBSTRND/212064],YES,1,2012,2 (1M/1F),1,116 (45M/48F/23NA),116,45,48,23,0.388,0.414,0.198,7,6
HUNBSTRND,ZDW12-00138 | [HUNBSTRND/212065],YES,1,2012,2 (1M/1F),1,116 (45M/48F/23NA),116,45,48,23,0.388,0.414,0.198,7,6
HUNBSTRND,ZDW12-00139 | [HUNBSTRND/212066],YES,1,2012,2 (1M/1F),1,116 (44M/49F/23NA),116,44,49,23,0.379,0.422,0.198,6,3
HUNBSTRND,ZDW12-00140 | [HUNBSTRND/212067],YES,1,2012,2 (1M/1F),1,116 (44M/49F/23NA),116,44,49,23,0.379,0.422,0.198,6,3
HUNBSTRND,ZDW12-00141 | [HUNBSTRND/212068],YES,1,2012,2 (1M/1F),1,116 (45M/49F/22NA),116,45,49,22,0.388,0.422,0.19,6,3
HUNBSTRND,ZDW12-00142 | [HUNBSTRND/212069],NO,0,2012,2 (1M/1F),1,116 (45M/49F/22NA),116,45,49,22,0.388,0.422,0.19,6,3
HUNBSTRND,ZDW12-00143 | [HUNBSTRND/212070],YES,1,2012,2 (1M/1F),1,116 (45M/49F/22NA),116,45,49,22,0.388,0.422,0.19,5,3
HUNBSTRND,ZDW12-00144 | [HUNBSTRND/212071],YES,1,2012,2 (1M/1F),1,116 (45M/49F/22NA),116,45,49,22,0.388,0.422,0.19,5,3
HUNBSTRND,ZDW12-00145 | [HUNBSTRND/212072],YES,1,2012,2 (1M/1F),1,116 (45M/49F/22NA),116,45,49,22,0.388,0.422,0.19,5,3
HUNBSTRND,ZDW12-00146 | [HUNBSTRND/212073],YES,1,2012,2 (1M/1F),1,116 (44M/49F/23NA),116,44,49,23,0.379,0.422,0.198,7,6
HUNBSTRND,ZDW12-00147 | [HUNBSTRND/212074],YES,1,2012,2 (1M/1F),1,116 (45M/48F/23NA),116,45,48,23,0.388,0.414,0.198,7,6
HUNBSTRND,ZDW12-00148 | [HUNBSTRND/212075],YES,1,2012,2 (1M/1F),1,116 (44M/49F/23NA),116,44,49,23,0.379,0.422,0.198,7,6
HUNBSTRND,ZDW12-00149 | [HUNBSTRND/212076],YES,1,2012,2 (1M/1F),1,116 (44M/49F/23NA),116,44,49,23,0.379,0.422,0.198,7,6
HUNBSTRND,ZDW12-00150 | [HUNBSTRND/212077],YES,1,2012,2 (1M/1F),1,116 (45M/49F/22NA),116,45,49,22,0.388,0.422,0.19,5,3
HUNBSTRND,ZDW12-00151 | [HUNBSTRND/212078],YES,1,2012,2 (1M/1F),1,116 (45M/49F/22NA),116,45,49,22,0.388,0.422,0.19,5,3
HUNBSTRND,ZDW12-00152 | [HUNBSTRND/212079],YES,1,2012,2 (1M/1F),1,116 (45M/49F/22NA),116,45,49,22,0.388,0.422,0.19,5,3
HUNBSTRND,ZDW12-00153 | [HUNBSTRND/212080],YES,1,2012,2 (1M/1F),1,116 (45M/48F/23NA),116,45,48,23,0.388,0.414,0.198,5,3
HUNBSTRND,ZDW12-00154 | [HUNBSTRND/212081],YES,1,2012,2 (1M/1F),1,116 (45M/48F/23NA),116,45,48,23,0.388,0.414,0.198,5,3
HUNBSTRND,ZDW12-00155 | [HUNBSTRND/212082],YES,1,2012,2 (1M/1F),1,116 (44M/49F/23NA),116,44,49,23,0.379,0.422,0.198,3,6
HUNBSTRND,ZDW12-00156 | [HUNBSTRND/212083],YES,1,2012,2 (1M/1F),1,116 (45M/48F/23NA),116,45,48,23,0.388,0.414,0.198,3,6
HUNBSTRND,ZDW12-00157 | [HUNBSTRND/212084],YES,1,2012,2 (1M/1F),1,116 (45M/48F/23NA),116,45,48,23,0.388,0.414,0.198,3,6
HUNBSTRND,ZDW12-00158 | [HUNBSTRND/212085],YES,1,2012,2 (1M/1F),1,116 (45M/48F/23NA),116,45,48,23,0.388,0.414,0.198,3,6
HUNBSTRND,ZDW12-00159 | [HUNBSTRND/212086],YES,1,2012,2 (1M/1F),1,116 (45M/49F/22NA),116,45,49,22,0.388,0.422,0.19,3,6
HUNBSTRND,ZDW12-00160 | [HUNBSTRND/212087],YES,1,2012,2 (1M/1F),1,116 (45M/49F/22NA),116,45,49,22,0.388,0.422,0.19,3,6
HUNBSTRND,ZDW12-00161 | [HUNBSTRND/212088],NO,0,2012,NA,0,116 (45M/49F/22NA),116,45,49,22,0.388,0.422,0.19,NA,NA
HUNBSTRND,ZDW12-00165 | [HUNBSTRND/212092],NO,0,2012,NA,0,116 (45M/49F/22NA),116,45,49,22,0.388,0.422,0.19,NA,NA
HUNBSTRND,ZDW12-00166 | [HUNBSTRND/212093],NO,0,2012,NA,0,116 (45M/49F/22NA),116,45,49,22,0.388,0.422,0.19,NA,NA
HUNBSTRND,ZDW12-00198 | [HUNBSTRND/212125],YES,1,2012,2 (1M/1F),1,116 (45M/49F/22NA),116,45,49,22,0.388,0.422,0.19,5,3
HUNBSTRND,ZDW12-00199 | [HUNBSTRND/212126],YES,1,2012,2 (1M/1F),1,116 (45M/49F/22NA),116,45,49,22,0.388,0.422,0.19,5,3
HUNBSTRND,ZDW12-00200 | [HUNBSTRND/212127],YES,1,2012,2 (1M/1F),1,116 (45M/49F/22NA),116,45,49,22,0.388,0.422,0.19,5,3
HUNBSTRND,ZDW12-00201 | [HUNBSTRND/212128],YES,1,2012,2 (1M/1F),1,116 (45M/49F/22NA),116,45,49,22,0.388,0.422,0.19,5,3
HUNBSTRND,ZDW12-00202 | [HUNBSTRND/212129],NO,0,2012,2 (1M/1F),1,116 (45M/49F/22NA),116,45,49,22,0.388,0.422,0.19,NA,4
HUNBSTRND,ZDW12-02027 | [HUNBSTRND/209060],YES,1,2009,NA,0,62 (36M/25F/1NA),62,36,25,1,0.581,0.403,0.016,NA,NA
HUNBSTRND,ZDW12-02080 | [HUNBSTRND/210047],YES,1,2010,2 (1M/1F),1,69 (39M/27F/3NA),69,39,27,3,0.565,0.391,0.043,4,3
HUNBSTRND,ZDW12-02081 | [HUNBSTRND/210048],YES,1,2010,2 (1M/1F),1,69 (39M/27F/3NA),69,39,27,3,0.565,0.391,0.043,4,3
HUNBSTRND,ZDW12-02082 | [HUNBSTRND/210049],YES,1,2010,2 (1M/1F),1,69 (38M/27F/4NA),69,38,27,4,0.551,0.391,0.058,5,5
HUNBSTRND,ZDW12-02083 | [HUNBSTRND/210050],YES,1,2010,2 (1M/1F),1,69 (38M/27F/4NA),69,38,27,4,0.551,0.391,0.058,5,5
HUNBSTRND,ZDW12-02094 | [HUNBSTRND/210079],YES,1,2010,2 (1M/1F),1,69 (39M/27F/3NA),69,39,27,3,0.565,0.391,0.043,3,3
HUNBSTRND,ZDW12-02095 | [HUNBSTRND/210080],NO,0,2010,2 (1M/1F),1,69 (39M/27F/3NA),69,39,27,3,0.565,0.391,0.043,3,3
HUNBSTRND,ZDW12-02120 | [HUNBSTRND/211054],YES,1,2011,2 (1M/1F),1,88 (49M/35F/4NA),88,49,35,4,0.557,0.398,0.045,6,5
HUNBSTRND,ZDW12-02121 | [HUNBSTRND/211056],YES,1,2011,2 (1M/1F),1,88 (49M/35F/4NA),88,49,35,4,0.557,0.398,0.045,6,5
HUNBSTRND,ZDW12-02122 | [HUNBSTRND/211063],NO,0,2011,2 (1M/1F),1,88 (50M/35F/3NA),88,50,35,3,0.568,0.398,0.034,6,5
HUNBSTRND,ZDW12-02123 | [HUNBSTRND/211066],YES,1,2011,2 (1M/1F),1,88 (49M/35F/4NA),88,49,35,4,0.557,0.398,0.045,6,5
HUNBSTRND,ZDW12-02127 | [HUNBSTRND/211070],YES,1,2011,2 (1M/1F),1,88 (49M/35F/4NA),88,49,35,4,0.557,0.398,0.045,2,5
HUNBSTRND,ZDW12-02128 | [HUNBSTRND/211071],YES,1,2011,2 (1M/1F),1,88 (49M/35F/4NA),88,49,35,4,0.557,0.398,0.045,2,5
HUNBSTRND,ZDW12-02129 | [HUNBSTRND/211072],YES,1,2011,2 (1M/1F),1,88 (49M/35F/4NA),88,49,35,4,0.557,0.398,0.045,2,5
HUNBSTRND,ZDW12-02130 | [HUNBSTRND/211073],YES,1,2011,2 (1M/1F),1,88 (49M/35F/4NA),88,49,35,4,0.557,0.398,0.045,2,5
HUNBSTRND,ZDW12-02131 | [HUNBSTRND/211074],YES,1,2011,2 (1M/1F),1,88 (49M/35F/4NA),88,49,35,4,0.557,0.398,0.045,2,5
HUNBSTRND,ZDW12-02152 | [HUNBSTRND/211099],YES,1,2011,2 (1M/1F),1,88 (49M/35F/4NA),88,49,35,4,0.557,0.398,0.045,6,6
HUNBSTRND,ZDW12-02164 | [HUNBSTRND/212130],YES,1,2012,2 (1M/1F),1,116 (45M/49F/22NA),116,45,49,22,0.388,0.422,0.19,NA,4
HUNBSTRND,ZDW12-02165 | [HUNBSTRND/212131],YES,1,2012,2 (1M/1F),1,116 (45M/49F/22NA),116,45,49,22,0.388,0.422,0.19,NA,4
HUNBSTRND,ZDW12-02166 | [HUNBSTRND/212132],YES,1,2012,2 (1M/1F),1,116 (45M/49F/22NA),116,45,49,22,0.388,0.422,0.19,NA,4
HUNBSTRND,ZDW12-02167 | [HUNBSTRND/212133],YES,1,2012,2 (1M/1F),1,116 (45M/49F/22NA),116,45,49,22,0.388,0.422,0.19,NA,4
HUNBSTRND,ZDW13-02262 | [HUNBSTRND/213026],YES,1,2013,2 (1M/1F),1,143 (65M/52F/26UD),140,65,52,26,0.464,0.371,0.186,6,4
HUNBSTRND,ZDW13-02263 | [HUNBSTRND/213027],YES,1,2013,2 (1M/1F),1,143 (64M/53F/26UD),143,64,53,26,0.448,0.371,0.182,6,4
HUNBSTRND,ZDW13-02264 | [HUNBSTRND/213028],YES,1,2013,2 (1M/1F),1,143 (64M/53F/26UD),143,64,53,26,0.448,0.371,0.182,6,4
HUNBSTRND,ZDW13-02265 | [HUNBSTRND/213029],YES,1,2013,2 (1M/1F),1,143 (64M/53F/26UD),143,64,53,26,0.448,0.371,0.182,6,4
HUNBSTRND,ZDW13-02266 | [HUNBSTRND/213030],YES,1,2013,2 (1M/1F),1,143 (64M/53F/26UD),143,64,53,26,0.448,0.371,0.182,6,4
HUNBSTRND,ZDW13-02267 | [HUNBSTRND/213031],YES,1,2013,2 (1M/1F),1,143 (65/53/25UD),143,65,53,25,0.455,0.371,0.175,6,4
HUNBSTRND,ZDW13-02268 | [HUNBSTRND/213079],YES,1,2013,2 (1M/1F),1,143 (64M/53F/26UD),143,64,53,26,0.448,0.371,0.182,6,4
HUNBSTRND,ZDW13-02269 | [HUNBSTRND/213080],YES,1,2013,2 (1M/1F),1,143 (64M/53F/26UD),143,64,53,26,0.448,0.371,0.182,6,4
HUNBSTRND,ZDW13-02270 | [HUNBSTRND/213081],YES,1,2013,2 (1M/1F),1,143 (65M/52F/26UD),143,65,52,26,0.455,0.364,0.182,6,4
HUNBSTRND,ZDW13-02271 | [HUNBSTRND/213082],YES,1,2013,2 (1M/1F),1,143 (64M/53F/26UD),143,64,53,26,0.448,0.371,0.182,6,4
HUNBSTRND,ZDW13-02272 | [HUNBSTRND/213083],YES,1,2013,2 (1M/1F),1,143 (64M/53F/26UD),143,64,53,26,0.448,0.371,0.182,6,4
HUNBSTRND,ZDW13-02273 | [HUNBSTRND/213084],YES,1,2013,2 (1M/1F),1,143 (64M/53F/26UD),143,64,53,26,0.448,0.371,0.182,8,7
HUNBSTRND,ZDW13-02274 | [HUNBSTRND/213085],YES,1,2013,2 (1M/1F),1,143 (65/53/25UD),143,65,53,25,0.455,0.371,0.175,8,7
HUNBSTRND,ZDW13-02275 | [HUNBSTRND/213086],YES,1,2013,2 (1M/1F),1,143 (65/53/25UD),143,65,53,25,0.455,0.371,0.175,8,7
HUNBSTRND,ZDW13-02276 | [HUNBSTRND/213087],YES,1,2013,2 (1M/1F),1,143 (64M/53F/26UD),143,64,53,26,0.448,0.371,0.182,8,7
HUNBSTRND,ZDW13-02277 | [HUNBSTRND/213088],YES,1,2013,2 (1M/1F),1,143 (65/53/25UD),143,65,53,25,0.455,0.371,0.175,4,6
HUNBSTRND,ZDW13-02278 | [HUNBSTRND/213089],YES,1,2013,2 (1M/1F),1,143 (65/53/25UD),143,65,53,25,0.455,0.371,0.175,4,6
HUNBSTRND,ZDW13-02279 | [HUNBSTRND/213090],YES,1,2013,2 (1M/1F),1,143 (65/53/25UD),143,65,53,25,0.455,0.371,0.175,4,6
HUNBSTRND,ZDW13-02280 | [HUNBSTRND/213091],YES,1,2013,2 (1M/1F),1,143 (65/53/25UD),143,65,53,25,0.455,0.371,0.175,4,6
HUNBSTRND,ZDW13-02281 | [HUNBSTRND/213092],YES,1,2013,2 (1M/1F),1,143 (64M/53F/26UD),143,64,53,26,0.448,0.371,0.182,4,6
HUNBSTRND,ZDW13-02282 | [HUNBSTRND/213093],NO,0,2013,2 (1M/1F),1,143 (65/53/25UD),143,65,53,25,0.455,0.371,0.175,4,6
HUNBSTRND,ZDW13-02283 | [HUNBSTRND/213094],YES,1,2013,2 (1M/1F),1,143 (65/53/25UD),143,65,53,25,0.455,0.371,0.175,6,5
HUNBSTRND,ZDW13-02284 | [HUNBSTRND/213095],YES,1,2013,2 (1M/1F),1,143 (65/53/25UD),143,65,53,25,0.455,0.371,0.175,6,5
HUNBSTRND,ZDW13-02285 | [HUNBSTRND/213096],YES,1,2013,2 (1M/1F),1,143 (65/53/25UD),143,65,53,25,0.455,0.371,0.175,6,5
HUNBSTRND,ZDW13-02286 | [HUNBSTRND/213097],YES,1,2013,2 (1M/1F),1,143 (65/53/25UD),143,65,53,25,0.455,0.371,0.175,6,5
HUNBSTRND,ZDW13-02287 | [HUNBSTRND/213098],YES,1,2013,2 (1M/1F),1,143 (64M/53F/26UD),143,64,53,26,0.448,0.371,0.182,6,5
HUNBSTRND,ZDW13-02288 | [HUNBSTRND/213099],YES,1,2013,2 (1M/1F),1,143 (65M/52F/26UD),143,65,52,26,0.455,0.364,0.182,6,5
HUNBSTRND,ZDW13-02289 | [HUNBSTRND/213100],YES,1,2013,2 (1M/1F),1,143 (65/53/25UD),143,65,53,25,0.455,0.371,0.175,8,6
HUNBSTRND,ZDW13-02290 | [HUNBSTRND/213101],YES,1,2013,2 (1M/1F),1,143 (65M/52F/26UD),143,65,52,26,0.455,0.364,0.182,8,6
HUNBSTRND,ZDW13-02291 | [HUNBSTRND/213102],YES,1,2013,2 (1M/1F),1,143 (65/53/25UD),143,65,53,25,0.455,0.371,0.175,7,4
HUNBSTRND,ZDW13-02292 | [HUNBSTRND/213103],YES,1,2013,2 (1M/1F),1,143 (65/53/25UD),143,65,53,25,0.455,0.371,0.175,7,4
HUNBSTRND,ZDW13-02293 | [HUNBSTRND/213104],YES,1,2013,2 (1M/1F),1,143 (65/53/25UD),143,65,53,25,0.455,0.371,0.175,7,4
HUNBSTRND,ZDW13-02294 | [HUNBSTRND/213105],YES,1,2013,2 (1M/1F),1,143 (65/53/25UD),143,65,53,25,0.455,0.371,0.175,7,4
HUNBSTRND,ZDW13-02295 | [HUNBSTRND/213106],YES,1,2013,2 (1M/1F),1,143 (65/53/25UD),143,65,53,25,0.455,0.371,0.175,7,4
HUNBSTRND,ZDW13-02296 | [HUNBSTRND/213107],YES,1,2013,2 (1M/1F),1,143 (65/53/25UD),143,65,53,25,0.455,0.371,0.175,4,6
HUNBSTRND,ZDW13-02297 | [HUNBSTRND/213108],YES,1,2013,2 (1M/1F),1,143 (65/53/25UD),143,65,53,25,0.455,0.371,0.175,4,6
HUNBSTRND,ZDW13-02298 | [HUNBSTRND/213109],YES,1,2013,2 (1M/1F),1,143 (65M/52F/26UD),143,65,52,26,0.455,0.364,0.182,4,6
HUNBSTRND,ZDW13-02299 | [HUNBSTRND/213118],YES,1,2013,2 (1M/1F),1,143 (65M/52F/26UD),143,65,52,26,0.455,0.364,0.182,4,6
HUNBSTRND,ZDW13-02300 | [HUNBSTRND/213119],YES,1,2013,2 (1M/1F),1,143 (64M/53F/26UD),143,64,53,26,0.448,0.371,0.182,4,6
HUNBSTRND,ZDW13-02301 | [HUNBSTRND/213120],YES,1,2013,2 (1M/1F),1,143 (65M/52F/26UD),143,65,52,26,0.455,0.364,0.182,4,6
HUNBSTRND,ZDW13-02302 | [HUNBSTRND/213121],YES,1,2013,2 (1M/1F),1,143 (64M/53F/26UD),143,64,53,26,0.448,0.371,0.182,4,6
HUNBSTRND,ZDW13-02303 | [HUNBSTRND/213122],YES,1,2013,2 (1M/1F),1,143 (64M/53F/26UD),143,64,53,26,0.448,0.371,0.182,4,6
HUNBSTRND,ZDW13-02314 | [HUNBSTRND/213110],YES,1,2013,2 (1M/1F),1,143 (64M/53F/26UD),143,64,53,26,0.448,0.371,0.182,8,3
HUNBSTRND,ZDW13-02315 | [HUNBSTRND/213125],YES,1,2013,2 (1M/1F),1,143 (64M/53F/26UD),143,64,53,26,0.448,0.371,0.182,6,4
HUNBSTRND,ZDW13-02316 | [HUNBSTRND/213126],YES,1,2013,2 (1M/1F),1,143 (65M/52F/26UD),143,65,52,26,0.455,0.364,0.182,6,4
HUNBSTRND,ZDW13-02317 | [HUNBSTRND/213127],YES,1,2013,2 (1M/1F),1,143 (65M/52F/26UD),143,65,52,26,0.455,0.364,0.182,6,4
HUNBSTRND,ZDW13-02318 | [HUNBSTRND/213128],YES,1,2013,2 (1M/1F),1,143 (65M/52F/26UD),143,65,52,26,0.455,0.364,0.182,6,4
HUNBSTRND,ZDW13-02319 | [HUNBSTRND/213129],YES,1,2013,2 (1M/1F),1,143 (64M/53F/26UD),143,64,53,26,0.448,0.371,0.182,4,3
HUNBSTRND,ZDW13-02320 | [HUNBSTRND/213130],YES,1,2013,2 (1M/1F),1,143 (64M/53F/26UD),143,64,53,26,0.448,0.371,0.182,4,3
HUNBSTRND,ZDW14-02327 | [HUNBSTRND/213136],YES,1,2013,2 (1M/1F),1,143 (65M/52F/26UD),143,65,52,26,0.455,0.364,0.182,4,6
HUNBSTRND,ZDW14-02336 | [ZURICH/B40511],YES,1,2013,2 (1M/1F),1,143 (65M/52F/26UD),143,65,52,26,0.455,0.364,0.182,13,12
HUNBSTRND,ZDW14-02337 | [KERKRADE/B13316],YES,1,2013,2 (1M/1F),1,143 (64M/53F/26UD),143,64,53,26,0.448,0.371,0.182,13,12
HUNBSTRND,ZDW14-02338 | [AHTARI/214039],YES,1,2013,2 (1M/1F),1,143 (64M/53F/26UD),143,64,53,26,0.448,0.371,0.182,13,12
HUNBSTRND,ZDW14-02366 | [HUNBSTRND/214037],YES,1,2014,2 (1M/1F),1,103 (48M/33F/22UD),103,48,33,22,0.466,0.32,0.214,9,7
HUNBSTRND,ZDW14-02367 | [HUNBSTRND/214038],YES,1,2014,2 (1M/1F),1,103 (48M/33F/22UD),103,48,33,22,0.466,0.32,0.214,9,7
HUNBSTRND,ZDW14-02368 | [HUNBSTRND/214039],YES,1,2014,2 (1M/1F),1,103 (49M/32F/22UD),103,49,32,22,0.476,0.311,0.214,9,7
HUNBSTRND,ZDW14-02339 | [HUNBSTRND/213140],YES,1,2014,2 (1M/1F),1,103 (48M/33F/22UD),103,48,33,22,0.466,0.32,0.214,7,6
HUNBSTRND,ZDW14-02370 | [HUNBSTRND/214041],YES,1,2014,2 (1M/1F),1,103 (49M/32F/22UD),103,49,32,22,0.476,0.311,0.214,7,6
HUNBSTRND,ZDW14-02371 | [HUNBSTRND/214042],YES,1,2014,2 (1M/1F),1,103 (49M/32F/22UD),103,49,32,22,0.476,0.311,0.214,7,6
HUNBSTRND,ZDW14-02372 | [HUNBSTRND/214043],YES,1,2014,2 (1M/1F),1,103 (48M/33F/22UD),103,48,33,22,0.466,0.32,0.214,7,6
HUNBSTRND,ZDW14-02373 | [HUNBSTRND/214044],YES,1,2014,2 (1M/1F),1,103 (48M/33F/22UD),103,48,33,22,0.466,0.32,0.214,7,6
HUNBSTRND,ZDW14-02374 | [HUNBSTRND/214045],YES,1,2014,2 (1M/1F),1,103 (48M/33F/22UD),103,48,33,22,0.466,0.32,0.214,8,5
HUNBSTRND,ZDW14-02375 | [HUNBSTRND/214046],YES,1,2014,2 (1M/1F),1,103 (49M/32F/22UD),103,49,32,22,0.476,0.311,0.214,5,8
HUNBSTRND,ZDW14-02376 | [HUNBSTRND/214047],YES,1,2014,2 (1M/1F),1,103 (48M/33F/22UD),103,48,33,22,0.466,0.32,0.214,5,8
HUNBSTRND,ZDW14-02377 | [HUNBSTRND/214048],YES,1,2014,2 (1M/1F),1,103 (49/33F/21),103,49,33,21,0.476,0.32,0.204,5,8
HUNBSTRND,ZDW14-02378 | [HUNBSTRND/214049],YES,1,2014,2 (1M/1F),1,103 (49M/32F/22UD),103,49,32,22,0.476,0.311,0.214,5,8
HUNBSTRND,ZDW14-02379 | [HUNBSTRND/214050],YES,1,2014,2 (1M/1F),1,103 (49M/32F/22UD),103,49,32,22,0.476,0.311,0.214,5,8
HUNBSTRND,ZDW14-02380 | [HUNBSTRND/214051],YES,1,2014,2 (1M/1F),1,103 (48M/33F/22UD),103,48,33,22,0.466,0.32,0.214,5,8
HUNBSTRND,ZDW14-02381 | [HUNBSTRND/214052],YES,1,2014,2 (1M/1F),1,103 (49/33F/21),103,49,33,21,0.476,0.32,0.204,5,8
HUNBSTRND,ZDW14-02382 | [HUNBSTRND/214053],YES,1,2014,2 (1M/1F),1,103 (48M/33F/22UD),103,48,33,22,0.466,0.32,0.214,7,5
HUNBSTRND,ZDW14-02383 | [HUNBSTRND/214057],YES,1,2014,2 (1M/1F),1,103 (49M/32F/22UD),103,49,32,22,0.476,0.311,0.214,7,5
HUNBSTRND,ZDW14-02384 | [HUNBSTRND/214054],YES,1,2014,2 (1M/1F),1,103 (49M/32F/22UD),103,49,32,22,0.476,0.311,0.214,7,5
HUNBSTRND,ZDW14-02385 | [HUNBSTRND/214055],YES,1,2014,2 (1M/1F),1,103 (48M/33F/22UD),103,48,33,22,0.466,0.32,0.214,7,5
HUNBSTRND,ZDW14-02386 | [HUNBSTRND/214056],YES,1,2014,2 (1M/1F),1,103 (48M/33F/22UD),103,48,33,22,0.466,0.32,0.214,7,5
HUNBSTRND,ZDW14-02387 | [HUNBSTRND/214058],YES,1,2014,2 (1M/1F),1,103 (48M/33F/22UD),103,48,33,22,0.466,0.32,0.214,7,5
HUNBSTRND,ZDW14-02388 | [HUNBSTRND/214059],YES,1,2014,2 (1M/1F),1,103 (48M/33F/22UD),103,48,33,22,0.466,0.32,0.214,7,5
HUNBSTRND,ZDW14-02389 | [HUNBSTRND/214060],YES,1,2014,2 (1M/1F),1,103 (48M/33F/22UD),103,48,33,22,0.466,0.32,0.214,5,4
HUNBSTRND,ZDW14-02390 | [HUNBSTRND/214061],YES,1,2014,2 (1M/1F),1,103 (49M/32F/22UD),103,49,32,22,0.476,0.311,0.214,5,7
HUNBSTRND,ZDW14-02391 | [HUNBSTRND/214062],YES,1,2014,2 (1M/1F),1,103 (49M/32F/22UD),103,49,32,22,0.476,0.311,0.214,5,7
HUNBSTRND,ZDW14-02392 | [HUNBSTRND/214063],YES,1,2014,2 (1M/1F),1,103 (49/33F/21),103,49,33,21,0.476,0.32,0.204,5,7
HUNBSTRND,ZDW14-02393 | [HUNBSTRND/214064],YES,1,2014,2 (1M/1F),1,103 (49M/32F/22UD),103,49,32,22,0.476,0.311,0.214,4,5
HUNBSTRND,ZDW14-02394 | [HUNBSTRND/214065],YES,1,2014,2 (1M/1F),1,103 (48M/33F/22UD),103,48,33,22,0.466,0.32,0.214,4,5
HUNBSTRND,ZDW15-02582 | [HUNBSTRND/215026],YES,1,2015,2 (1M/1F),1,98 (16M/21F/61UD),98,16,21,61,0.163,0.214,0.622,8,6
HUNBSTRND,ZDW15-02583 | [HUNBSTRND/215027],YES,1,2015,2 (1M/1F),1,98 (16M/21F/61UD),98,16,21,61,0.163,0.214,0.622,8,6
HUNBSTRND,ZDW15-02584 | [HUNBSTRND/215028],YES,1,2015,2 (1M/1F),1,98 (16M/21F/61UD),98,16,21,61,0.163,0.214,0.622,8,6
HUNBSTRND,ZDW15-02585 | [HUNBSTRND/215029],YES,1,2015,2 (1M/1F),1,98 (16M/21F/61UD),98,16,21,61,0.163,0.214,0.622,8,6
HUNBSTRND,ZDW15-02586 | [HUNBSTRND/215030],NO,0,2015,2 (1M/1F),1,98 (16M/22F/60UD),98,16,22,60,0.163,0.224,0.612,8,6
HUNBSTRND,ZDW15-02587 | [HUNBSTRND/215031],YES,1,2015,2 (1M/1F),1,98 (16M/21F/61UD),98,16,21,61,0.163,0.214,0.622,9,6
HUNBSTRND,ZDW15-02588 | [HUNBSTRND/215032],YES,1,2015,2 (1M/1F),1,98 (16M/21F/61UD),98,16,21,61,0.163,0.214,0.622,9,6
HUNBSTRND,ZDW15-02589 | [HUNBSTRND/215033],YES,1,2015,2 (1M/1F),1,98 (15M/22F/61UD),98,15,22,61,0.153,0.224,0.622,9,6
HUNBSTRND,ZDW15-02590 | [HUNBSTRND/215034],YES,1,2015,2 (1M/1F),1,98 (16M/22F/60UD),98,16,22,60,0.163,0.224,0.612,6,5
HUNBSTRND,ZDW15-02591 | [HUNBSTRND/215035],YES,1,2015,2 (1M/1F),1,98 (16M/22F/60UD),98,16,22,60,0.163,0.224,0.612,6,5
HUNBSTRND,ZDW15-02592 | [HUNBSTRND/215036],YES,1,2015,2 (1M/1F),1,98 (16M/22F/60UD),98,16,22,60,0.163,0.224,0.612,6,5
HUNBSTRND,ZDW15-02593 | [HUNBSTRND/215037],YES,1,2015,2 (1M/1F),1,98 (16M/22F/60UD),98,16,22,60,0.163,0.224,0.612,6,5
HUNBSTRND,ZDW15-02594 | [HUNBSTRND/215039],YES,1,2015,2 (1M/1F),1,98 (15M/22F/61UD),98,15,22,61,0.153,0.224,0.622,10,8
HUNBSTRND,ZDW15-02597 | [HUNBSTRND/215038],YES,1,2015,2 (1M/1F),1,98 (16M/22F/60UD),98,16,22,60,0.163,0.224,0.612,6,5
HUNBSTRND,ZDW15-02602 | [HUNBSTRND/215089],YES,1,2015,2 (1M/1F),1,98 (16M/22F/60UD),98,16,22,60,0.163,0.224,0.612,3,5
HUNBSTRND,ZDW15-02603 | [HUNBSTRND/215090],YES,1,2015,2 (1M/1F),1,98 (16M/22F/60UD),98,16,22,60,0.163,0.224,0.612,3,5
HUNBSTRND,ZDW15-02604 | [HUNBSTRND/215091],YES,1,2015,2 (1M/1F),1,98 (16M/22F/60UD),98,16,22,60,0.163,0.224,0.612,3,5
HUNBSTRND,ZDW15-02605 | [HUNBSTRND/215092],YES,1,2015,2 (1M/1F),1,98 (16M/22F/60UD),98,16,22,60,0.163,0.224,0.612,3,5
HUNBSTRND,ZDW15-02606 | [HUNBSTRND/215093],YES,1,2015,2 (1M/1F),1,98 (16M/22F/60UD),98,16,22,60,0.163,0.224,0.612,3,5
HUNBSTRND,ZDW15-02607 | [HUNBSTRND/215085],YES,1,2015,2 (1M/1F),1,98 (16M/22F/60UD),98,16,22,60,0.163,0.224,0.612,5,6
HUNBSTRND,ZDW15-02608 | [HUNBSTRND/215086],YES,1,2015,2 (1M/1F),1,98 (16M/22F/60UD),98,16,22,60,0.163,0.224,0.612,5,6
HUNBSTRND,ZDW15-02609 | [HUNBSTRND/215087],YES,1,2015,2 (1M/1F),1,98 (16M/22F/60UD),98,16,22,60,0.163,0.224,0.612,5,6
HUNBSTRND,ZDW15-02610 | [HUNBSTRND/215088],NO,0,2015,2 (1M/1F),1,98 (16M/22F/60UD),98,16,22,60,0.163,0.224,0.612,5,6
HUNBSTRND,ZDW15-02611 | [HUNBSTRND/215067],YES,1,2015,2 (1M/1F),1,98 (16M/22F/60UD),98,16,22,60,0.163,0.224,0.612,6,9
HUNBSTRND,ZDW15-02612 | [HUNBSTRND/215068],YES,1,2015,2 (1M/1F),1,98 (16M/22F/60UD),98,16,22,60,0.163,0.224,0.612,6,9
HUNBSTRND,ZDW15-02613 | [HUNBSTRND/215069],YES,1,2015,2 (1M/1F),1,98 (16M/22F/60UD),98,16,22,60,0.163,0.224,0.612,6,9
HUNBSTRND,ZDW15-02614 | [HUNBSTRND/215070],YES,1,2015,2 (1M/1F),1,98 (16M/22F/60UD),98,16,22,60,0.163,0.224,0.612,6,9
HUNBSTRND,ZDW15-02615 | [HUNBSTRND/215071],YES,1,2015,2 (1M/1F),1,98 (16M/22F/60UD),98,16,22,60,0.163,0.224,0.612,6,9
HUNBSTRND,ZDW15-02616 | [HUNBSTRND/215072],YES,1,2015,2 (1M/1F),1,98 (16M/22F/60UD),98,16,22,60,0.163,0.224,0.612,6,9
HUNBSTRND,ZDW15-02617 | [HUNBSTRND/215073],YES,1,2015,2 (1M/1F),1,98 (16M/22F/60UD),98,16,22,60,0.163,0.224,0.612,6,9
HUNBSTRND,ZDW15-02618 | [HUNBSTRND/215063],YES,1,2015,2 (1M/1F),1,98 (16M/22F/60UD),98,16,22,60,0.163,0.224,0.612,8,7
HUNBSTRND,ZDW15-02619 | [HUNBSTRND/215064],YES,1,2015,2 (1M/1F),1,98 (16M/22F/60UD),98,16,22,60,0.163,0.224,0.612,8,7
HUNBSTRND,ZDW15-02620 | [HUNBSTRND/215065],YES,1,2015,2 (1M/1F),1,98 (16M/22F/60UD),98,16,22,60,0.163,0.224,0.612,8,7
HUNBSTRND,ZDW15-02621 | [HUNBSTRND/215066],YES,1,2015,2 (1M/1F),1,98 (16M/22F/60UD),98,16,22,60,0.163,0.224,0.612,8,7
HUNBSTRND,ZDW15-02623 | [HUNBSTRND/215058],YES,1,2015,2 (1M/1F),1,98 (16M/22F/60UD),98,16,22,60,0.163,0.224,0.612,10,9
HUNBSTRND,ZDW15-02624 | [HUNBSTRND/215059],YES,1,2015,2 (1M/1F),1,98 (16M/22F/60UD),98,16,22,60,0.163,0.224,0.612,10,9
HUNBSTRND,ZDW15-02625 | [HUNBSTRND/215060],YES,1,2015,2 (1M/1F),1,98 (16M/22F/60UD),98,16,22,60,0.163,0.224,0.612,10,9
HUNBSTRND,ZDW15-02626 | [HUNBSTRND/215061],YES,1,2015,2 (1M/1F),1,98 (16M/22F/60UD),98,16,22,60,0.163,0.224,0.612,10,9
HUNBSTRND,ZDW15-02627 | [HUNBSTRND/215062],YES,1,2015,2 (1M/1F),1,98 (16M/22F/60UD),98,16,22,60,0.163,0.224,0.612,10,9
HUNBSTRND,ZDW15-02628 | [HUNBSTRND/215079],YES,1,2015,2 (1M/1F),1,98 (16M/22F/60UD),98,16,22,60,0.163,0.224,0.612,6,8
HUNBSTRND,ZDW15-02629 | [HUNBSTRND/215080],YES,1,2015,2 (1M/1F),1,98 (16M/22F/60UD),98,16,22,60,0.163,0.224,0.612,6,8
HUNBSTRND,ZDW15-02630 | [HUNBSTRND/215081],YES,1,2015,2 (1M/1F),1,98 (16M/22F/60UD),98,16,22,60,0.163,0.224,0.612,6,8
HUNBSTRND,ZDW15-02631 | [HUNBSTRND/215082],YES,1,2015,2 (1M/1F),1,98 (16M/22F/60UD),98,16,22,60,0.163,0.224,0.612,6,8
HUNBSTRND,ZDW15-02632 | [HUNBSTRND/215083],YES,1,2015,2 (1M/1F),1,98 (16M/22F/60UD),98,16,22,60,0.163,0.224,0.612,6,8
HUNBSTRND,ZDW15-02633 | [HUNBSTRND/215084],YES,1,2015,2 (1M/1F),1,98 (16M/22F/60UD),98,16,22,60,0.163,0.224,0.612,6,8
HUNBSTRND,ZDW15-02634 | [HUNBSTRND/215074],YES,1,2015,2 (1M/1F),1,98 (16M/22F/60UD),98,16,22,60,0.163,0.224,0.612,8,6
HUNBSTRND,ZDW15-02635 | [HUNBSTRND/215075],YES,1,2015,2 (1M/1F),1,98 (16M/22F/60UD),98,16,22,60,0.163,0.224,0.612,8,6
HUNBSTRND,ZDW15-02636 | [HUNBSTRND/215076],YES,1,2015,2 (1M/1F),1,98 (16M/22F/60UD),98,16,22,60,0.163,0.224,0.612,8,6
HUNBSTRND,ZDW15-02637 | [HUNBSTRND/215077],YES,1,2015,2 (1M/1F),1,98 (16M/22F/60UD),98,16,22,60,0.163,0.224,0.612,8,6
HUNBSTRND,ZDW15-02638 | [HUNBSTRND/215078],NO,0,2015,2 (1M/1F),1,98 (16M/22F/60UD),98,16,22,60,0.163,0.224,0.612,8,6
HUNBSTRND,ZDW16-02848 | [HUNBSTRND/216101],YES,1,2016,2 (1M/1F),1,130 (43M/58F/29UD),130,43,58,29,0.331,0.446,0.223,11,9
HUNBSTRND,ZDW16-02849 | [HUNBSTRND/216102],YES,1,2016,2 (1M/1F),1,130 (43M/58F/29UD),130,43,58,29,0.331,0.446,0.223,11,9
HUNBSTRND,ZDW16-02850 | [HUNBSTRND/216103],YES,1,2016,2 (1M/1F),1,130 (43M/59F/28UD),130,43,59,28,0.331,0.454,0.215,11,9
HUNBSTRND,ZDW16-02851 | [HUNBSTRND/216104],YES,1,2016,2 (1M/1F),1,130 (43M/58F/29UD),130,43,58,29,0.331,0.446,0.223,11,9
HUNBSTRND,ZDW16-02852 | [HUNBSTRND/216105],YES,1,2016,2 (1M/1F),1,130 (42M/59F/29UD),130,42,59,29,0.323,0.454,0.223,11,9
HUNBSTRND,ZDW16-02853 | [HUNBSTRND/216106],YES,1,2016,2 (1M/1F),1,130 (42M/59F/29UD),130,42,59,29,0.323,0.454,0.223,11,10
HUNBSTRND,ZDW16-02854 | [HUNBSTRND/216107],YES,1,2016,2 (1M/1F),1,130 (42M/59F/29UD),130,42,59,29,0.323,0.454,0.223,11,10
HUNBSTRND,ZDW16-02855 | [HUNBSTRND/216108],YES,1,2016,2 (1M/1F),1,130 (42M/59F/29UD),130,42,59,29,0.323,0.454,0.223,11,10
HUNBSTRND,ZDW16-02856 | [HUNBSTRND/216109],YES,1,2016,2 (1M/1F),1,130 (43M/58F/29UD),130,43,58,29,0.331,0.446,0.223,11,10
HUNBSTRND,ZDW16-02857 | [HUNBSTRND/216110],YES,1,2016,2 (1M/1F),1,130 (42M/59F/29UD),130,42,59,29,0.323,0.454,0.223,9,8
HUNBSTRND,ZDW16-02858 | [HUNBSTRND/216111],YES,1,2016,2 (1M/1F),1,130 (42M/59F/29UD),130,42,59,29,0.323,0.454,0.223,9,8
HUNBSTRND,ZDW16-02859 | [HUNBSTRND/216112],YES,1,2016,2 (1M/1F),1,130 (42M/59F/29UD),130,42,59,29,0.323,0.454,0.223,9,8
HUNBSTRND,ZDW16-02860 | [HUNBSTRND/216113],YES,1,2016,2 (1M/1F),1,130 (43M/58F/29UD),130,43,58,29,0.331,0.446,0.223,9,8
HUNBSTRND,ZDW16-02861 | [HUNBSTRND/216114],YES,1,2016,2 (1M/1F),1,130 (43M/58F/29UD),130,43,58,29,0.331,0.446,0.223,9,8
HUNBSTRND,ZDW16-02862 | [HUNBSTRND/216115],YES,1,2016,2 (1M/1F),1,130 (42M/59F/29UD),130,42,59,29,0.323,0.454,0.223,10,7
HUNBSTRND,ZDW16-02863 | [HUNBSTRND/216116],YES,1,2016,2 (1M/1F),1,130 (43M/58F/29UD),130,43,58,29,0.331,0.446,0.223,10,7
HUNBSTRND,ZDW16-02864 | [HUNBSTRND/216117],NO,0,2016,2 (1M/1F),1,130 (43M/59F/28UD),130,43,59,28,0.331,0.454,0.215,10,7
HUNBSTRND,ZDW16-02865 | [HUNBSTRND/216118],YES,1,2016,2 (1M/1F),1,130 (43M/58F/29UD),130,43,58,29,0.331,0.446,0.223,7,10
HUNBSTRND,ZDW16-02866 | [HUNBSTRND/216119],YES,1,2016,2 (1M/1F),1,130 (42M/59F/29UD),130,42,59,29,0.323,0.454,0.223,7,10
HUNBSTRND,ZDW16-02867 | [HUNBSTRND/216120],YES,1,2016,2 (1M/1F),1,130 (43M/58F/29UD),130,43,58,29,0.331,0.446,0.223,7,10
HUNBSTRND,ZDW16-02868 | [HUNBSTRND/216121],YES,1,2016,2 (1M/1F),1,130 (43M/58F/29UD),130,43,58,29,0.331,0.446,0.223,7,10
HUNBSTRND,ZDW16-02869 | [HUNBSTRND/216122],YES,1,2016,2 (1M/1F),1,130 (42M/59F/29UD),130,42,59,29,0.323,0.454,0.223,7,10
HUNBSTRND,ZDW16-02870 | [HUNBSTRND/216123],YES,1,2016,2 (1M/1F),1,130 (42M/59F/29UD),130,42,59,29,0.323,0.454,0.223,7,10
HUNBSTRND,ZDW16-02871 | [HUNBSTRND/216124],YES,1,2016,2 (1M/1F),1,130 (42M/59F/29UD),130,42,59,29,0.323,0.454,0.223,10,8
HUNBSTRND,ZDW16-02872 | [HUNBSTRND/216125],YES,1,2016,2 (1M/1F),1,130 (42M/59F/29UD),130,42,59,29,0.323,0.454,0.223,10,8
HUNBSTRND,ZDW16-02873 | [HUNBSTRND/216126],YES,1,2016,2 (1M/1F),1,130 (42M/59F/29UD),130,42,59,29,0.323,0.454,0.223,10,8
HUNBSTRND,ZDW16-02874 | [HUNBSTRND/216127],YES,1,2016,2 (1M/1F),1,130 (43M/58F/29UD),130,43,58,29,0.331,0.446,0.223,10,8
HUNBSTRND,ZDW16-02875 | [HUNBSTRND/216128],YES,1,2016,2 (1M/1F),1,130 (43M/58F/29UD),130,43,58,29,0.331,0.446,0.223,10,8
HUNBSTRND,ZDW16-02876 | [HUNBSTRND/216129],YES,1,2016,2 (1M/1F),1,130 (43M/58F/29UD),130,43,58,29,0.331,0.446,0.223,10,8
HUNBSTRND,ZDW16-02877 | [HUNBSTRND/216130],YES,1,2016,2 (1M/1F),1,130 (43M/58F/29UD),130,43,58,29,0.331,0.446,0.223,10,8
HUNBSTRND,ZDW16-02878 | [HUNBSTRND/216131],YES,1,2016,2 (1M/1F),1,130 (42M/59F/29UD),130,42,59,29,0.323,0.454,0.223,7,6
HUNBSTRND,ZDW16-02879 | [HUNBSTRND/216132],YES,1,2016,2 (1M/1F),1,130 (42M/59F/29UD),130,42,59,29,0.323,0.454,0.223,7,6
HUNBSTRND,ZDW16-02880 | [HUNBSTRND/216133],YES,1,2016,2 (1M/1F),1,130 (42M/59F/29UD),130,42,59,29,0.323,0.454,0.223,7,6
HUNBSTRND,ZDW16-02881 | [HUNBSTRND/216134],YES,1,2016,2 (1M/1F),1,130 (42M/59F/29UD),130,42,59,29,0.323,0.454,0.223,7,6
HUNBSTRND,ZDW16-02882 | [HUNBSTRND/216135],YES,1,2016,2 (1M/1F),1,130 (42M/59F/29UD),130,42,59,29,0.323,0.454,0.223,7,6
HUNBSTRND,ZDW16-02883 | [HUNBSTRND/216136],NO,0,2016,2 (1M/1F),1,130 (43M/59F/28UD),130,43,59,28,0.331,0.454,0.215,7,6
HUNBSTRND,ZDW16-02884 | [HUNBSTRND/216137],YES,1,2016,2 (1M/1F),1,130 (42M/59F/29UD),130,42,59,29,0.323,0.454,0.223,7,9
HUNBSTRND,ZDW16-02885 | [HUNBSTRND/216138],YES,1,2016,2 (1M/1F),1,130 (42M/59F/29UD),130,42,59,29,0.323,0.454,0.223,7,9
HUNBSTRND,ZDW16-02886 | [HUNBSTRND/216139],YES,1,2016,2 (1M/1F),1,130 (43M/58F/29UD),130,43,58,29,0.331,0.446,0.223,7,9
HUNBSTRND,ZDW16-02887 | [HUNBSTRND/216140],YES,1,2016,2 (1M/1F),1,130 (43M/58F/29UD),130,43,58,29,0.331,0.446,0.223,7,9
HUNBSTRND,ZDW16-02888 | [HUNBSTRND/216141],YES,1,2016,2 (1M/1F),1,130 (43M/58F/29UD),130,43,58,29,0.331,0.446,0.223,7,9
HUNBSTRND,ZDW16-02889 | [HUNBSTRND/216142],YES,1,2016,2 (1M/1F),1,130 (43M/58F/29UD),130,43,58,29,0.331,0.446,0.223,7,9
HUNBSTRND,ZDW16-02890 | [HUNBSTRND/216143],YES,1,2016,2 (1M/1F),1,130 (42M/59F/29UD),130,42,59,29,0.323,0.454,0.223,7,9
HUNBSTRND,ZDW16-02891 | [HUNBSTRND/216144],YES,1,2016,2 (1M/1F),1,130 (42M/59F/29UD),130,42,59,29,0.323,0.454,0.223,7,9
HUNBSTRND,ZDW16-02892 | [HUNBSTRND/216145],YES,1,2016,2 (1M/1F),1,130 (42M/59F/29UD),130,42,59,29,0.323,0.454,0.223,7,9
HUNBSTRND,ZDW16-02894 | [HUNBSTRND/216147],YES,1,2016,2 (1M/1F),1,130 (43M/58F/29UD),130,43,58,29,0.331,0.446,0.223,7,9
HUNBSTRND,ZDW16-02895 | [HUNBSTRND/216148],YES,1,2016,2 (1M/1F),1,130 (43M/58F/29UD),130,43,58,29,0.331,0.446,0.223,7,9
HUNBSTRND,ZDW16-02896 | [HUNBSTRND/216149],YES,1,2016,2 (1M/1F),1,130 (43M/58F/29UD),130,43,58,29,0.331,0.446,0.223,7,9
HUNBSTRND,ZDW16-02897 | [HUNBSTRND/216150],YES,1,2016,2 (1M/1F),1,130 (43M/58F/29UD),130,43,58,29,0.331,0.446,0.223,6,7
HUNBSTRND,ZDW16-02898 | [HUNBSTRND/216151],YES,1,2016,2 (1M/1F),1,130 (43M/58F/29UD),130,43,58,29,0.331,0.446,0.223,6,7
HUNBSTRND,ZDW16-02910 | [HUNBSTRND/216163],YES,1,2016,2 (1M/1F),1,130 (43M/58F/29UD),130,43,58,29,0.331,0.446,0.223,5,5
HUNBSTRND,ZDW16-02911 | [HUNBSTRND/216164],YES,1,2016,2 (1M/1F),1,130 (43M/58F/29UD),130,43,58,29,0.331,0.446,0.223,5,5
HUNBSTRND,ZDW16-02912 | [HUNBSTRND/216165],NO,0,2016,2 (1M/1F),1,130 (43M/59F/28UD),130,43,59,28,0.331,0.454,0.215,5,5
HUNBSTRND,ZDW16-02913 | [HUNBSTRND/216180],YES,1,2016,2 (1M/1F),1,130 (43M/58F/29UD),130,43,58,29,0.331,0.446,0.223,5,5
HUNBSTRND,ZDW16-02914 | [HUNBSTRND/216170],YES,1,2016,2 (1M/1F),1,130 (42M/59F/29UD),130,42,59,29,0.323,0.454,0.223,5,7
HUNBSTRND,ZDW16-02915 | [HUNBSTRND/216171],YES,1,2016,2 (1M/1F),1,130 (43M/59F/28UD),130,43,59,28,0.331,0.454,0.215,5,7
HUNBSTRND,ZDW16-02916 | [HUNBSTRND/216172],YES,1,2016,2 (1M/1F),1,130 (42M/59F/29UD),130,42,59,29,0.323,0.454,0.223,5,7
HUNBSTRND,ZDW16-02917 | [HUNBSTRND/216173],YES,1,2016,2 (1M/1F),1,130 (42M/59F/29UD),130,42,59,29,0.323,0.454,0.223,5,7
HUNBSTRND,ZDW16-02918 | [HUNBSTRND/216174],YES,1,2016,2 (1M/1F),1,130 (42M/59F/29UD),130,42,59,29,0.323,0.454,0.223,4,6
HUNBSTRND,ZDW16-02919 | [HUNBSTRND/216175],YES,1,2016,2 (1M/1F),1,130 (42M/59F/29UD),130,42,59,29,0.323,0.454,0.223,4,6
HUNBSTRND,ZDW16-02920 | [HUNBSTRND/216176],YES,1,2016,2 (1M/1F),1,130 (42M/59F/29UD),130,42,59,29,0.323,0.454,0.223,4,6
HUNBSTRND,ZDW16-02921 | [HUNBSTRND/216177],YES,1,2016,2 (1M/1F),1,130 (43M/58F/29UD),130,43,58,29,0.331,0.446,0.223,4,6
HUNBSTRND,ZDW16-02922 | [HUNBSTRND/216178],YES,1,2016,2 (1M/1F),1,130 (43M/58F/29UD),130,43,58,29,0.331,0.446,0.223,4,6
HUNBSTRND,ZDW16-02923 | [HUNBSTRND/216179],YES,1,2016,2 (1M/1F),1,130 (43M/58F/29UD),130,43,58,29,0.331,0.446,0.223,4,6
HUNBSTRND,ZDW16-02924 | [HUNBSTRND/216166],YES,1,2016,2 (1M/1F),1,130 (43M/58F/29UD),130,43,58,29,0.331,0.446,0.223,5,9
HUNBSTRND,ZDW16-02925 | [HUNBSTRND/216167],YES,1,2016,2 (1M/1F),1,130 (43M/58F/29UD),130,43,58,29,0.331,0.446,0.223,5,9
HUNBSTRND,ZDW16-02926 | [HUNBSTRND/216168],YES,1,2016,2 (1M/1F),1,130 (43M/58F/29UD),130,43,58,29,0.331,0.446,0.223,5,9
HUNBSTRND,ZDW16-02927 | [HUNBSTRND/216169],YES,1,2016,2 (1M/1F),1,130 (43M/58F/29UD),130,43,58,29,0.331,0.446,0.223,5,9
HUNBSTRND,ZDW17-03064 | [HUNBSTRND/217051],YES,1,2017,2 (1M/1F),1,125 (48M/57F/20UD),125,48,57,20,0.384,0.456,0.16,12,8
HUNBSTRND,ZDW17-03065 | [HUNBSTRND/217052],YES,1,2017,2 (1M/1F),1,125 (47M/58F/20UD),125,47,58,20,0.376,0.464,0.16,12,8
HUNBSTRND,ZDW17-03066 | [HUNBSTRND/217053],YES,1,2017,2 (1M/1F),1,125 (48M/57F/20UD),125,48,57,20,0.384,0.456,0.16,12,8
HUNBSTRND,ZDW17-03067 | [HUNBSTRND/217054],YES,1,2017,2 (1M/1F),1,125 (47M/58F/20UD),125,47,58,20,0.376,0.464,0.16,12,8
HUNBSTRND,ZDW17-03068 | [HUNBSTRND/217055],YES,1,2017,2 (1M/1F),1,125 (47M/58F/20UD),125,47,58,20,0.376,0.464,0.16,11,10
HUNBSTRND,ZDW17-03069 | [HUNBSTRND/217056],YES,1,2017,2 (1M/1F),1,125 (48M/57F/20UD),125,48,57,20,0.384,0.456,0.16,11,10
HUNBSTRND,ZDW17-03070 | [HUNBSTRND/217057],YES,1,2017,2 (1M/1F),1,125 (48M/57F/20UD),125,48,57,20,0.384,0.456,0.16,11,10
HUNBSTRND,ZDW17-03071 | [HUNBSTRND/217058],YES,1,2017,2 (1M/1F),1,125 (47M/58F/20UD),125,47,58,20,0.376,0.464,0.16,11,10
HUNBSTRND,ZDW17-03072 | [HUNBSTRND/217059],YES,1,2017,2 (1M/1F),1,125 (48M/57F/20UD),125,48,57,20,0.384,0.456,0.16,11,10
HUNBSTRND,ZDW17-03073 | [HUNBSTRND/217060],YES,1,2017,2 (1M/1F),1,125 (47M/58F/20UD),125,47,58,20,0.376,0.464,0.16,10,9
HUNBSTRND,ZDW17-03074 | [HUNBSTRND/217061],YES,1,2017,2 (1M/1F),1,125 (47M/58F/20UD),125,47,58,20,0.376,0.464,0.16,10,9
HUNBSTRND,ZDW17-03075 | [HUNBSTRND/217062],YES,1,2017,2 (1M/1F),1,125 (48M/57F/20UD),125,48,57,20,0.384,0.456,0.16,10,9
HUNBSTRND,ZDW17-03076 | [HUNBSTRND/217063],YES,1,2017,2 (1M/1F),1,125 (48M/57F/20UD),125,48,57,20,0.384,0.456,0.16,10,9
HUNBSTRND,ZDW17-03077 | [HUNBSTRND/217064],YES,1,2017,2 (1M/1F),1,125 (48M/57F/20UD),125,48,57,20,0.384,0.456,0.16,10,9
HUNBSTRND,ZDW17-03078 | [HUNBSTRND/217065],YES,1,2017,2 (1M/1F),1,125 (47M/58F/20UD),125,47,58,20,0.376,0.464,0.16,10,9
HUNBSTRND,ZDW17-03080 | [HUNBSTRND/217067],YES,1,2017,2 (1M/1F),1,125 (48M/57F/20UD),125,48,57,20,0.384,0.456,0.16,11,8
HUNBSTRND,ZDW17-03081 | [HUNBSTRND/217068],YES,1,2017,2 (1M/1F),1,125 (48M/57F/20UD),125,48,57,20,0.384,0.456,0.16,11,8
HUNBSTRND,ZDW17-03083 | [HUNBSTRND/217070],YES,1,2017,2 (1M/1F),1,125 (48M/57F/20UD),125,48,57,20,0.384,0.456,0.16,11,8
HUNBSTRND,ZDW17-03084 | [HUNBSTRND/217071],NA,NA,2017,2 (1M/1F),1,125 (47M/58F/20UD),125,47,58,20,0.376,0.464,0.16,10,8
HUNBSTRND,ZDW17-03085 | [HUNBSTRND/217072],NA,NA,2017,2 (1M/1F),1,125 (47M/58F/20UD),125,47,58,20,0.376,0.464,0.16,10,8
HUNBSTRND,ZDW17-03086 | [HUNBSTRND/217073],NA,NA,2017,2 (1M/1F),1,125 (48M/57F/20UD),125,48,57,20,0.384,0.456,0.16,10,8
HUNBSTRND,ZDW17-03087 | [HUNBSTRND/217074],NA,NA,2017,2 (1M/1F),1,125 (47M/58F/20UD),125,47,58,20,0.376,0.464,0.16,10,8
HUNBSTRND,ZDW17-03088 | [HUNBSTRND/217075],NA,NA,2017,2 (1M/1F),1,125 (48M/57F/20UD),125,48,57,20,0.384,0.456,0.16,10,8
HUNBSTRND,ZDW17-03089 | [HUNBSTRND/217076],YES,1,2017,2 (1M/1F),1,125 (48M/57F/20UD),125,48,57,20,0.384,0.456,0.16,10,8
HUNBSTRND,ZDW17-03090 | [HUNBSTRND/217077],YES,1,2017,2 (1M/1F),1,125 (47M/58F/20UD),125,47,58,20,0.376,0.464,0.16,10,8
HUNBSTRND,ZDW17-03091 | [HUNBSTRND/217078],YES,1,2017,2 (1M/1F),1,125 (47M/58F/20UD),125,47,58,20,0.376,0.464,0.16,10,8
HUNBSTRND,ZDW17-03092 | [HUNBSTRND/217079],YES,1,2017,2 (1M/1F),1,125 (48M/57F/20UD),125,48,57,20,0.384,0.456,0.16,10,8
HUNBSTRND,ZDW17-03093 | [HUNBSTRND/217080],YES,1,2017,2 (1M/1F),1,125 (47M/58F/20UD),125,47,58,20,0.376,0.464,0.16,10,8
HUNBSTRND,ZDW17-03094 | [HUNBSTRND/217081],YES,1,2017,2 (1M/1F),1,125 (47M/58F/20UD),125,47,58,20,0.376,0.464,0.16,10,8
HUNBSTRND,ZDW17-03095 | [HUNBSTRND/217082],YES,1,2017,2 (1M/1F),1,125 (48M/57F/20UD),125,48,57,20,0.384,0.456,0.16,10,8
HUNBSTRND,ZDW17-03096 | [HUNBSTRND/217083],YES,1,2017,2 (1M/1F),1,125 (47M/58F/20UD),125,47,58,20,0.376,0.464,0.16,8,7
HUNBSTRND,ZDW17-03097 | [HUNBSTRND/217084],YES,1,2017,2 (1M/1F),1,125 (48M/57F/20UD),125,48,57,20,0.384,0.456,0.16,10,8
HUNBSTRND,ZDW17-03098 | [HUNBSTRND/217085],YES,1,2017,2 (1M/1F),1,125 (48M/57F/20UD),125,48,57,20,0.384,0.456,0.16,10,8
HUNBSTRND,ZDW17-03099 | [HUNBSTRND/217086],YES,1,2017,2 (1M/1F),1,125 (48M/57F/20UD),125,48,57,20,0.384,0.456,0.16,10,8
HUNBSTRND,ZDW17-03101 | [HUNBSTRND/217088],YES,1,2017,2 (1M/1F),1,125 (47M/58F/20UD),125,47,58,20,0.376,0.464,0.16,10,8
HUNBSTRND,ZDW17-03102 | [HUNBSTRND/217089],YES,1,2017,2 (1M/1F),1,125 (48M/58F/19UD),125,48,58,19,0.384,0.464,0.152,7,8
HUNBSTRND,ZDW17-03103 | [HUNBSTRND/217090],YES,1,2017,2 (1M/1F),1,125 (48M/58F/19UD),125,48,58,19,0.384,0.464,0.152,7,8
HUNBSTRND,ZDW17-03104 | [HUNBSTRND/217091],YES,1,2017,2 (1M/1F),1,125 (47M/58F/20UD),125,47,58,20,0.376,0.464,0.16,6,8
HUNBSTRND,ZDW17-03105 | [HUNBSTRND/217092],YES,1,2017,2 (1M/1F),1,125 (48M/57F/20UD),125,48,57,20,0.384,0.456,0.16,6,8
HUNBSTRND,ZDW17-03106 | [HUNBSTRND/217093],NO,0,2017,2 (1M/1F),1,125 (48M/58F/19UD),125,48,58,19,0.384,0.464,0.152,6,8
HUNBSTRND,ZDW17-03107 | [HUNBSTRND/217094],YES,1,2017,2 (1M/1F),1,125 (47M/58F/20UD),125,47,58,20,0.376,0.464,0.16,5,7
HUNBSTRND,ZDW17-03108 | [HUNBSTRND/217095],YES,1,2017,2 (1M/1F),1,125 (47M/58F/20UD),125,47,58,20,0.376,0.464,0.16,5,7
HUNBSTRND,ZDW17-03109 | [HUNBSTRND/217096],YES,1,2017,2 (1M/1F),1,125 (47M/58F/20UD),125,47,58,20,0.376,0.464,0.16,5,7
HUNBSTRND,ZDW17-03110 | [HUNBSTRND/217097],YES,1,2017,2 (1M/1F),1,125 (47M/58F/20UD),125,47,58,20,0.376,0.464,0.16,5,7
HUNBSTRND,ZDW17-03111 | [HUNBSTRND/217098],YES,1,2017,2 (1M/1F),1,125 (47M/58F/20UD),125,47,58,20,0.376,0.464,0.16,5,7
HUNBSTRND,ZDW17-03112 | [HUNBSTRND/217099],YES,1,2017,2 (1M/1F),1,125 (47M/58F/20UD),125,47,58,20,0.376,0.464,0.16,5,7
HUNBSTRND,ZDW17-03113 | [HUNBSTRND/217100],YES,1,2017,2 (1M/1F),1,125 (48M/57F/20UD),125,48,57,20,0.384,0.456,0.16,6,6
HUNBSTRND,ZDW17-03114 | [HUNBSTRND/217101],YES,1,2017,2 (1M/1F),1,125 (48M/57F/20UD),125,48,57,20,0.384,0.456,0.16,6,6
HUNBSTRND,ZDW17-03115 | [HUNBSTRND/217102],YES,1,2017,2 (1M/1F),1,125 (48M/57F/20UD),125,48,57,20,0.384,0.456,0.16,6,6
HUNBSTRND,ZDW17-03116 | [HUNBSTRND/217103],YES,1,2017,2 (1M/1F),1,125 (47M/58F/20UD),125,47,58,20,0.376,0.464,0.16,6,6
HUNBSTRND,ZDW17-03117 | [HUNBSTRND/217104],YES,1,2017,2 (1M/1F),1,125 (47M/58F/20UD),125,47,58,20,0.376,0.464,0.16,6,6
HUNBSTRND,ZDW17-03118 | [HUNBSTRND/217105],YES,1,2017,2 (1M/1F),1,125 (48M/57F/20UD),125,48,57,20,0.384,0.456,0.16,8,10
HUNBSTRND,ZDW17-03119 | [HUNBSTRND/217106],YES,1,2017,2 (1M/1F),1,125 (47M/58F/20UD),125,47,58,20,0.376,0.464,0.16,8,10
HUNBSTRND,ZDW17-03120 | [HUNBSTRND/217107],YES,1,2017,2 (1M/1F),1,125 (48M/57F/20UD),125,48,57,20,0.384,0.456,0.16,8,10
HUNBSTRND,ZDW17-03121 | [HUNBSTRND/217108],YES,1,2017,2 (1M/1F),1,125 (47M/58F/20UD),125,47,58,20,0.376,0.464,0.16,8,10
HUNBSTRND,ZDW17-03122 | [HUNBSTRND/217109],YES,1,2017,2 (1M/1F),1,125 (48M/57F/20UD),125,48,57,20,0.384,0.456,0.16,8,10
HUNBSTRND,ZDW17-03217 | [HUNBSTRND/217184],YES,1,2018,2 (1M/1F),1,127 (30M/35F/62UD),127,30,35,62,0.236,0.276,0.488,13,9
HUNBSTRND,ZDW17-03218 | [HUNBSTRND/217185],YES,1,2018,2 (1M/1F),1,127 (30M/35F/62UD),127,30,35,62,0.236,0.276,0.488,13,9
HUNBSTRND,ZDW18-03302 | [HUNBSTRND/218086],YES,1,2018,2 (1M/1F),1,127 (30M/36F/61UD),127,30,36,61,0.236,0.283,0.48,13,12
HUNBSTRND,ZDW18-03303 | [HUNBSTRND/218087],YES,1,2018,2 (1M/1F),1,127 (30M/36F/61UD),127,30,36,61,0.236,0.283,0.48,13,12
HUNBSTRND,ZDW18-03304 | [HUNBSTRND/218088],YES,1,2018,2 (1M/1F),1,127 (29M/36F/62UD),127,29,36,62,0.228,0.283,0.488,13,12
HUNBSTRND,ZDW18-03305 | [HUNBSTRND/218089],YES,1,2018,2 (1M/1F),1,127 (29M/36F/62UD),127,29,36,62,0.228,0.283,0.488,13,12
HUNBSTRND,ZDW18-03306 | [HUNBSTRND/218090],YES,1,2018,2 (1M/1F),1,127 (29M/36F/62UD),127,29,36,62,0.228,0.283,0.488,13,12
HUNBSTRND,ZDW18-03307 | [HUNBSTRND/218091],YES,1,2018,2 (1M/1F),1,127 (30M/35F/62UD),127,30,35,62,0.236,0.276,0.488,11,10
HUNBSTRND,ZDW18-03308 | [HUNBSTRND/218092],YES,1,2018,2 (1M/1F),1,127 (29M/36F/62UD),127,29,36,62,0.228,0.283,0.488,11,10
HUNBSTRND,ZDW18-03309 | [HUNBSTRND/218093],YES,1,2018,2 (1M/1F),1,127 (30M/35F/62UD),127,30,35,62,0.236,0.276,0.488,11,10
HUNBSTRND,ZDW18-03310 | [HUNBSTRND/218094],YES,1,2018,2 (1M/1F),1,127 (29M/36F/62UD),127,29,36,62,0.228,0.283,0.488,11,10
HUNBSTRND,ZDW18-03311 | [HUNBSTRND/218095],YES,1,2018,2 (1M/1F),1,127 (29M/36F/62UD),127,29,36,62,0.228,0.283,0.488,11,10
HUNBSTRND,ZDW18-03312 | [HUNBSTRND/218096],YES,1,2018,2 (1M/1F),1,127 (29M/36F/62UD),127,29,36,62,0.228,0.283,0.488,11,10
HUNBSTRND,ZDW18-03313 | [HUNBSTRND/218097],YES,1,2018,2 (1M/1F),1,127 (30M/35F/62UD),127,30,35,62,0.236,0.276,0.488,12,9
HUNBSTRND,ZDW18-03314 | [HUNBSTRND/218098],YES,1,2018,2 (1M/1F),1,127 (30M/35F/62UD),127,30,35,62,0.236,0.276,0.488,11,9
HUNBSTRND,ZDW18-03315 | [HUNBSTRND/218099],YES,1,2018,2 (1M/1F),1,127 (30M/35F/62UD),127,30,35,62,0.236,0.276,0.488,11,9
HUNBSTRND,ZDW18-03316 | [HUNBSTRND/218100],YES,1,2018,2 (1M/1F),1,127 (30M/35F/62UD),127,30,35,62,0.236,0.276,0.488,11,9
HUNBSTRND,ZDW18-03317 | [HUNBSTRND/218101],YES,1,2018,2 (1M/1F),1,127 (29M/36F/62UD),127,29,36,62,0.228,0.283,0.488,11,9
HUNBSTRND,ZDW18-03318 | [HUNBSTRND/218102],YES,1,2018,2 (1M/1F),1,127 (29M/36F/62UD),127,29,36,62,0.228,0.283,0.488,11,9
HUNBSTRND,ZDW18-03319 | [HUNBSTRND/218103],YES,1,2018,2 (1M/1F),1,127 (29M/36F/62UD),127,29,36,62,0.228,0.283,0.488,11,9
HUNBSTRND,ZDW18-03320 | [HUNBSTRND/218104],YES,1,2018,2 (1M/1F),1,127 (29M/36F/62UD),127,29,36,62,0.228,0.283,0.488,11,9
HUNBSTRND,ZDW18-03321 | [HUNBSTRND/218105],YES,1,2018,2 (1M/1F),1,127 (30M/35F/62UD),127,30,35,62,0.236,0.276,0.488,11,9
HUNBSTRND,ZDW18-03323 | [HUNBSTRND/218107],YES,1,2018,2 (1M/1F),1,127 (29M/36F/62UD),127,29,36,62,0.228,0.283,0.488,9,8
HUNBSTRND,ZDW18-03324 | [HUNBSTRND/218108],YES,1,2018,2 (1M/1F),1,127 (30M/35F/62UD),127,30,35,62,0.236,0.276,0.488,9,8
HUNBSTRND,ZDW18-03325 | [HUNBSTRND/218109],YES,1,2018,2 (1M/1F),1,127 (30M/35F/62UD),127,30,35,62,0.236,0.276,0.488,11,9
HUNBSTRND,ZDW18-03326 | [HUNBSTRND/218110],YES,1,2018,2 (1M/1F),1,127 (30M/35F/62UD),127,30,35,62,0.236,0.276,0.488,11,9
HUNBSTRND,ZDW18-03327 | [HUNBSTRND/218111],YES,1,2018,2 (1M/1F),1,127 (30M/35F/62UD),127,30,35,62,0.236,0.276,0.488,11,9
HUNBSTRND,ZDW18-03328 | [HUNBSTRND/218112],YES,1,2018,2 (1M/1F),1,127 (29M/36F/62UD),127,29,36,62,0.228,0.283,0.488,11,9
HUNBSTRND,ZDW18-03329 | [HUNBSTRND/218113],NO,0,2018,2 (1M/1F),1,127 (30M/35F/62UD),127,30,35,62,0.236,0.276,0.488,11,9
HUNBSTRND,ZDW18-03330 | [HUNBSTRND/218114],YES,1,2018,2 (1M/1F),1,127 (30M/35F/62UD),127,30,35,62,0.236,0.276,0.488,8,9
HUNBSTRND,ZDW18-03331 | [HUNBSTRND/218115],YES,1,2018,2 (1M/1F),1,127 (30M/35F/62UD),127,30,35,62,0.236,0.276,0.488,8,9
HUNBSTRND,ZDW18-03333 | [HUNBSTRND/218117],YES,1,2018,2 (1M/1F),1,127 (29M/36F/62UD),127,29,36,62,0.228,0.283,0.488,7,9
HUNBSTRND,ZDW18-03334 | [HUNBSTRND/218118],YES,1,2018,2 (1M/1F),1,127 (29M/36F/62UD),127,29,36,62,0.228,0.283,0.488,7,9
HUNBSTRND,ZDW18-03335 | [HUNBSTRND/218119],YES,1,2018,2 (1M/1F),1,127 (30M/35F/62UD),127,30,35,62,0.236,0.276,0.488,7,9
HUNBSTRND,ZDW18-03336 | [HUNBSTRND/218120],YES,1,2018,2 (1M/1F),1,127 (29M/36F/62UD),127,29,36,62,0.228,0.283,0.488,7,9
HUNBSTRND,ZDW18-03337 | [HUNBSTRND/218121],YES,1,2018,2 (1M/1F),1,127 (30M/35F/62UD),127,30,35,62,0.236,0.276,0.488,7,9
HUNBSTRND,ZDW18-03338 | [HUNBSTRND/218122],YES,1,2018,2 (1M/1F),1,127 (30M/35F/62UD),127,30,35,62,0.236,0.276,0.488,6,8
HUNBSTRND,ZDW18-03339 | [HUNBSTRND/218123],YES,1,2018,2 (1M/1F),1,127 (30M/35F/62UD),127,30,35,62,0.236,0.276,0.488,6,8
HUNBSTRND,ZDW18-03340 | [HUNBSTRND/218124],YES,1,2018,2 (1M/1F),1,127 (29M/36F/62UD),127,29,36,62,0.228,0.283,0.488,6,8
HUNBSTRND,ZDW18-03341 | [HUNBSTRND/218125],YES,1,2018,2 (1M/1F),1,127 (30M/35F/62UD),127,30,35,62,0.236,0.276,0.488,6,8
HUNBSTRND,ZDW18-03342 | [HUNBSTRND/218126],YES,1,2018,2 (1M/1F),1,127 (29M/36F/62UD),127,29,36,62,0.228,0.283,0.488,6,8
HUNBSTRND,ZDW18-03343 | [HUNBSTRND/218127],YES,1,2018,2 (1M/1F),1,127 (30M/35F/62UD),127,30,35,62,0.236,0.276,0.488,6,8
HUNBSTRND,ZDW18-03344 | [HUNBSTRND/218128],YES,1,2018,2 (1M/1F),1,127 (30M/35F/62UD),127,30,35,62,0.236,0.276,0.488,6,8
HUNBSTRND,ZDW18-03345 | [HUNBSTRND/218129],YES,1,2018,2 (1M/1F),1,127 (30M/35F/62UD),127,30,35,62,0.236,0.276,0.488,7,7
HUNBSTRND,ZDW18-03346 | [HUNBSTRND/218130],YES,1,2018,2 (1M/1F),1,127 (29M/36F/62UD),127,29,36,62,0.228,0.283,0.488,7,7
HUNBSTRND,ZDW18-03347 | [HUNBSTRND/218131],YES,1,2018,2 (1M/1F),1,127 (29M/36F/62UD),127,29,36,62,0.228,0.283,0.488,7,7
HUNBSTRND,ZDW18-03348 | [HUNBSTRND/218132],YES,1,2018,2 (1M/1F),1,127 (30M/35F/62UD),127,30,35,62,0.236,0.276,0.488,7,7
HUNBSTRND,ZDW18-03349 | [HUNBSTRND/218133],NO,0,2018,2 (1M/1F),1,127 (30M/35F/62UD),127,30,35,62,0.236,0.276,0.488,7,7
HUNBSTRND,ZDW18-03350 | [HUNBSTRND/218134],YES,1,2018,2 (1M/1F),1,127 (30M/35F/62UD),127,30,35,62,0.236,0.276,0.488,9,7
HUNBSTRND,ZDW18-03351 | [HUNBSTRND/218135],YES,1,2018,2 (1M/1F),1,127 (29M/36F/62UD),127,29,36,62,0.228,0.283,0.488,9,7
HUNBSTRND,ZDW18-03352 | [HUNBSTRND/218136],YES,1,2018,2 (1M/1F),1,127 (30M/35F/62UD),127,30,35,62,0.236,0.276,0.488,9,7
HUNBSTRND,ZDW18-03353 | [HUNBSTRND/218137],YES,1,2018,2 (1M/1F),1,127 (29M/36F/62UD),127,29,36,62,0.228,0.283,0.488,9,7
HUNBSTRND,ZDW18-03354 | [HUNBSTRND/218138],NO,0,2018,2 (1M/1F),1,127 (30M/35F/62UD),127,30,35,62,0.236,0.276,0.488,9,7
HUNBSTRND,ZDW19-03590 | [HUNBSTRND/219065],YES,1,2019,2 (1M/1F),1,126 (39M/40F/47UD),126,39,40,47,0.31,0.317,0.373,13,12
HUNBSTRND,ZDW19-03591 | [HUNBSTRND/219066],YES,1,2019,2 (1M/1F),1,126 (40M/39F/47UD),126,40,39,47,0.317,0.31,0.373,13,12
HUNBSTRND,ZDW19-03592 | [HUNBSTRND/219067],YES,1,2019,2 (1M/1F),1,126 (39M/40F/47UD),126,39,40,47,0.31,0.317,0.373,13,12
HUNBSTRND,ZDW19-03593 | [HUNBSTRND/219068],YES,1,2019,2 (1M/1F),1,126 (39M/40F/47UD),126,39,40,47,0.31,0.317,0.373,13,12
HUNBSTRND,ZDW19-03594 | [HUNBSTRND/219069],YES,1,2019,2 (1M/1F),1,126 (40M/39F/47UD),126,40,39,47,0.317,0.31,0.373,13,12
HUNBSTRND,ZDW19-03595 | [HUNBSTRND/219070],YES,1,2019,2 (1M/1F),1,126 (40M/39F/47UD),126,40,39,47,0.317,0.31,0.373,13,12
HUNBSTRND,ZDW19-03596 | [HUNBSTRND/219071],YES,1,2019,2 (1M/1F),1,126 (40M/39F/47UD),126,40,39,47,0.317,0.31,0.373,13,12
HUNBSTRND,ZDW19-03597 | [HUNBSTRND/219072],YES,1,2019,2 (1M/1F),1,126 (40M/39F/47UD),126,40,39,47,0.317,0.31,0.373,13,12
HUNBSTRND,ZDW19-03598 | [HUNBSTRND/219073],YES,1,2019,2 (1M/1F),1,126 (39M/40F/47UD),126,39,40,47,0.31,0.317,0.373,13,12
HUNBSTRND,ZDW19-03599 | [HUNBSTRND/219074],YES,1,2019,2 (1M/1F),1,126 (39M/40F/47UD),126,39,40,47,0.31,0.317,0.373,13,12
HUNBSTRND,ZDW19-03600 | [HUNBSTRND/219075],YES,1,2019,2 (1M/1F),1,126 (40M/39F/47UD),126,40,39,47,0.317,0.31,0.373,13,12
HUNBSTRND,ZDW19-03601 | [HUNBSTRND/219076],YES,1,2019,2 (1M/1F),1,126 (39M/40F/47UD),126,39,40,47,0.31,0.317,0.373,11,10
HUNBSTRND,ZDW19-03602 | [HUNBSTRND/219077],YES,1,2019,2 (1M/1F),1,126 (40M/39F/47UD),126,40,39,47,0.317,0.31,0.373,11,10
HUNBSTRND,ZDW19-03603 | [HUNBSTRND/219078],YES,1,2019,2 (1M/1F),1,126 (39M/40F/47UD),126,39,40,47,0.31,0.317,0.373,11,10
HUNBSTRND,ZDW19-03604 | [HUNBSTRND/219079],YES,1,2019,2 (1M/1F),1,126 (39M/40F/47UD),126,39,40,47,0.31,0.317,0.373,11,10
HUNBSTRND,ZDW19-03605 | [HUNBSTRND/219080],YES,1,2019,2 (1M/1F),1,126 (40M/39F/47UD),126,40,39,47,0.317,0.31,0.373,11,10
HUNBSTRND,ZDW19-03606 | [HUNBSTRND/219081],YES,1,2019,2 (1M/1F),1,126 (40M/39F/47UD),126,40,39,47,0.317,0.31,0.373,11,10
HUNBSTRND,ZDW19-03607 | [HUNBSTRND/219082],YES,1,2019,2 (1M/1F),1,126 (39M/40F/47UD),126,39,40,47,0.31,0.317,0.373,12,9
HUNBSTRND,ZDW19-03608 | [HUNBSTRND/219083],YES,1,2019,2 (1M/1F),1,126 (39M/40F/47UD),126,39,40,47,0.31,0.317,0.373,12,9
HUNBSTRND,ZDW19-03609 | [HUNBSTRND/219084],YES,1,2019,2 (1M/1F),1,126 (39M/40F/47UD),126,39,40,47,0.31,0.317,0.373,12,9
HUNBSTRND,ZDW19-03610 | [HUNBSTRND/219085],YES,1,2019,2 (1M/1F),1,126 (39M/40F/47UD),126,39,40,47,0.31,0.317,0.373,12,9
HUNBSTRND,ZDW19-03611 | [HUNBSTRND/219086],YES,1,2019,2 (1M/1F),1,126 (39M/40F/47UD),126,39,40,47,0.31,0.317,0.373,12,9
HUNBSTRND,ZDW19-03612 | [HUNBSTRND/219121],YES,1,2019,2 (1M/1F),1,126 (40M/39F/47UD),126,40,39,47,0.317,0.31,0.373,10,2
HUNBSTRND,ZDW19-03613 | [HUNBSTRND/219122],YES,1,2019,2 (1M/1F),1,126 (39M/40F/47UD),126,39,40,47,0.31,0.317,0.373,10,2
HUNBSTRND,ZDW19-03614 | [HUNBSTRND/219123],YES,1,2019,2 (1M/1F),1,126 (39M/40F/47UD),126,39,40,47,0.31,0.317,0.373,10,2
HUNBSTRND,ZDW19-03615 | [HUNBSTRND/219124],YES,1,2019,2 (1M/1F),1,126 (39M/40F/47UD),126,39,40,47,0.31,0.317,0.373,10,2
HUNBSTRND,ZDW19-03616 | [HUNBSTRND/219125],YES,1,2019,2 (1M/1F),1,126 (39M/40F/47UD),126,39,40,47,0.31,0.317,0.373,10,2
HUNBSTRND,ZDW19-03617 | [HUNBSTRND/219087],YES,1,2019,2 (1M/1F),1,126 (39M/40F/47UD),126,39,40,47,0.31,0.317,0.373,12,10
HUNBSTRND,ZDW19-03618 | [HUNBSTRND/219088],YES,1,2019,2 (1M/1F),1,126 (40M/39F/47UD),126,40,39,47,0.317,0.31,0.373,12,10
HUNBSTRND,ZDW19-03619 | [HUNBSTRND/219089],YES,1,2019,2 (1M/1F),1,126 (40M/39F/47UD),126,40,39,47,0.317,0.31,0.373,12,10
HUNBSTRND,ZDW19-03620 | [HUNBSTRND/219116],YES,1,2019,2 (1M/1F),1,126 (39M/40F/47UD),126,39,40,47,0.31,0.317,0.373,10,8
HUNBSTRND,ZDW19-03621 | [HUNBSTRND/219090],YES,1,2019,2 (1M/1F),1,126 (39M/40F/47UD),126,39,40,47,0.31,0.317,0.373,12,10
HUNBSTRND,ZDW19-03623 | [HUNBSTRND/219118],YES,1,2019,2 (1M/1F),1,126 (40M/40F/46UD),126,40,40,46,0.317,0.317,0.365,10,8
HUNBSTRND,ZDW19-03624 | [HUNBSTRND/219119],YES,1,2019,2 (1M/1F),1,126 (40M/40F/46UD),126,40,40,46,0.317,0.317,0.365,10,8
HUNBSTRND,ZDW19-03625 | [HUNBSTRND/219120],YES,1,2019,2 (1M/1F),1,126 (40M/39F/47UD),126,40,39,47,0.317,0.31,0.373,10,8
HUNBSTRND,ZDW19-03626 | [HUNBSTRND/219111],YES,1,2019,2 (1M/1F),1,126 (40M/39F/47UD),126,40,39,47,0.317,0.31,0.373,8,8
HUNBSTRND,ZDW19-03627 | [HUNBSTRND/219091],YES,1,2019,2 (1M/1F),1,126 (40M/39F/47UD),126,40,39,47,0.317,0.31,0.373,12,10
HUNBSTRND,ZDW19-03628 | [HUNBSTRND/219112],YES,1,2019,2 (1M/1F),1,126 (40M/39F/47UD),126,40,39,47,0.317,0.31,0.373,8,8
HUNBSTRND,ZDW19-03629 | [HUNBSTRND/219092],YES,1,2019,2 (1M/1F),1,126 (40M/39F/47UD),126,40,39,47,0.317,0.31,0.373,12,10
HUNBSTRND,ZDW19-03630 | [HUNBSTRND/219113],YES,1,2019,2 (1M/1F),1,126 (40M/39F/47UD),126,40,39,47,0.317,0.31,0.373,8,8
HUNBSTRND,ZDW19-03631 | [HUNBSTRND/219114],YES,1,2019,2 (1M/1F),1,126 (39M/40F/47UD),126,39,40,47,0.31,0.317,0.373,8,8
HUNBSTRND,ZDW19-03632 | [HUNBSTRND/219093],YES,1,2019,2 (1M/1F),1,126 (39M/40F/47UD),126,39,40,47,0.31,0.317,0.373,12,10
HUNBSTRND,ZDW19-03633 | [HUNBSTRND/219115],YES,1,2019,2 (1M/1F),1,126 (39M/40F/47UD),126,39,40,47,0.31,0.317,0.373,8,8
HUNBSTRND,ZDW19-03634 | [HUNBSTRND/219094],YES,1,2019,2 (1M/1F),1,126 (40M/39F/47UD),126,40,39,47,0.317,0.31,0.373,12,10
HUNBSTRND,ZDW19-03635 | [HUNBSTRND/219105],YES,1,2019,2 (1M/1F),1,126 (39M/40F/47UD),126,39,40,47,0.31,0.317,0.373,7,9
HUNBSTRND,ZDW19-03636 | [HUNBSTRND/219106],YES,1,2019,2 (1M/1F),1,126 (39M/40F/47UD),126,39,40,47,0.31,0.317,0.373,7,9
HUNBSTRND,ZDW19-03637 | [HUNBSTRND/219107],YES,1,2019,2 (1M/1F),1,126 (39M/40F/47UD),126,39,40,47,0.31,0.317,0.373,7,9
HUNBSTRND,ZDW19-03638 | [HUNBSTRND/219108],YES,1,2019,2 (1M/1F),1,126 (39M/40F/47UD),126,39,40,47,0.31,0.317,0.373,7,9
HUNBSTRND,ZDW19-03639 | [HUNBSTRND/219109],YES,1,2019,2 (1M/1F),1,126 (40M/39F/47UD),126,40,39,47,0.317,0.31,0.373,7,9
HUNBSTRND,ZDW19-03640 | [HUNBSTRND/219110],YES,1,2019,2 (1M/1F),1,126 (40M/40F/46UD),126,40,40,46,0.317,0.317,0.365,7,9
HUNBSTRND,ZDW19-03641 | [HUNBSTRND/219095],YES,1,2019,2 (1M/1F),1,126 (40M/39F/47UD),126,40,39,47,0.317,0.31,0.373,10,9
HUNBSTRND,ZDW19-03642 | [HUNBSTRND/219100],YES,1,2019,2 (1M/1F),1,126 (40M/39F/47UD),126,40,39,47,0.317,0.31,0.373,8,10
HUNBSTRND,ZDW19-03643 | [HUNBSTRND/219101],YES,1,2019,2 (1M/1F),1,126 (40M/39F/47UD),126,40,39,47,0.317,0.31,0.373,8,10
HUNBSTRND,ZDW19-03644 | [HUNBSTRND/219102],YES,1,2019,2 (1M/1F),1,126 (39M/40F/47UD),126,39,40,47,0.31,0.317,0.373,8,10
HUNBSTRND,ZDW19-03645 | [HUNBSTRND/219103],YES,1,2019,2 (1M/1F),1,126 (39M/40F/47UD),126,39,40,47,0.31,0.317,0.373,8,10
HUNBSTRND,ZDW19-03646 | [HUNBSTRND/219104],YES,1,2019,2 (1M/1F),1,126 (40M/40F/46UD),126,40,40,46,0.317,0.317,0.365,8,10
HUNBSTRND,ZDW19-03647 | [HUNBSTRND/219098],YES,1,2019,2 (1M/1F),1,126 (40M/39F/47UD),126,40,39,47,0.317,0.31,0.373,9,10
HUNBSTRND,ZDW19-03648 | [HUNBSTRND/219099],YES,1,2019,2 (1M/1F),1,126 (39M/40F/47UD),126,39,40,47,0.31,0.317,0.373,9,10
HUNBSTRND,ZDW19-03649 | [HUNBSTRND/219096],YES,1,2019,2 (1M/1F),1,126 (40M/39F/47UD),126,40,39,47,0.317,0.31,0.373,12,10
HUNBSTRND,ZDW19-03650 | [HUNBSTRND/219097],YES,1,2019,2 (1M/1F),1,126 (40M/39F/47UD),126,40,39,47,0.317,0.31,0.373,12,10
HUNBSTRND,ZDW20-03903 | [HUNBSTRND/220048],YES,1,2020,2 (1M/1F),1,94 (34M/30F/30UD),94,34,30,30,0.362,0.319,0.319,15,14
HUNBSTRND,ZDW20-03904 | [HUNBSTRND/220049],YES,1,2020,2 (1M/1F),1,94 (34M/30F/30UD),94,34,30,30,0.362,0.319,0.319,15,14
HUNBSTRND,ZDW20-03905 | [HUNBSTRND/220050],YES,1,2020,2 (1M/1F),1,94 (33M/31F/30UD),94,33,31,30,0.351,0.33,0.319,15,14
HUNBSTRND,ZDW20-03906 | [HUNBSTRND/220051],YES,1,2020,2 (1M/1F),1,94 (33M/31F/30UD),94,33,31,30,0.351,0.33,0.319,15,14
HUNBSTRND,ZDW20-03907 | [HUNBSTRND/220052],YES,1,2020,2 (1M/1F),1,94 (33M/31F/30UD),94,33,31,30,0.351,0.33,0.319,15,14
HUNBSTRND,ZDW20-03908 | [HUNBSTRND/220053],YES,1,2020,2 (1M/1F),1,94 (34M/30F/30UD),94,34,30,30,0.362,0.319,0.319,15,14
HUNBSTRND,ZDW20-03915 | [HUNBSTRND/220060],NO,0,2020,2 (1M/1F),1,94 (34M/31F/29UD),94,94,31,29,1,0.33,0.309,14,11
HUNBSTRND,ZDW20-03916 | [HUNBSTRND/220061],NO,0,2020,2 (1M/1F),1,94 (34M/31F/29UD),94,94,31,29,1,0.33,0.309,14,11
HUNBSTRND,ZDW20-03917 | [HUNBSTRND/220062],YES,1,2020,2 (1M/1F),1,94 (34M/30F/30UD),94,34,30,30,0.362,0.319,0.319,13,11
HUNBSTRND,ZDW20-03918 | [HUNBSTRND/220063],YES,1,2020,2 (1M/1F),1,94 (34M/30F/30UD),94,34,30,30,0.362,0.319,0.319,13,11
HUNBSTRND,ZDW20-03919 | [HUNBSTRND/220064],YES,1,2020,2 (1M/1F),1,94 (33M/31F/30UD),94,33,31,30,0.351,0.33,0.319,13,11
HUNBSTRND,ZDW20-03920 | [HUNBSTRND/220065],YES,1,2020,2 (1M/1F),1,94 (33M/31F/30UD),94,33,31,30,0.351,0.33,0.319,13,11
HUNBSTRND,ZDW20-03921 | [HUNBSTRND/220066],YES,1,2020,2 (1M/1F),1,94 (33M/31F/30UD),94,33,31,30,0.351,0.33,0.319,13,11
HUNBSTRND,ZDW20-03922 | [HUNBSTRND/220067],YES,1,2020,2 (1M/1F),1,94 (34M/31F/29UD),94,94,31,29,1,0.33,0.309,13,11
HUNBSTRND,ZDW20-03923 | [HUNBSTRND/220068],YES,1,2020,2 (1M/1F),1,94 (34M/30F/30UD),94,34,30,30,0.362,0.319,0.319,13,11
HUNBSTRND,ZDW20-03924 | [HUNBSTRND/220069],YES,1,2020,2 (1M/1F),1,94 (34M/30F/30UD),94,34,30,30,0.362,0.319,0.319,13,11
HUNBSTRND,ZDW20-03925 | [HUNBSTRND/220070],YES,1,2020,2 (1M/1F),1,94 (33M/31F/30UD),94,33,31,30,0.351,0.33,0.319,13,11
HUNBSTRND,ZDW20-03926 | [HUNBSTRND/220071],YES,1,2020,2 (1M/1F),1,94 (33M/31F/30UD),94,33,31,30,0.351,0.33,0.319,13,11
HUNBSTRND,ZDW20-03927 | [HUNBSTRND/220072],YES,1,2020,2 (1M/1F),1,94 (33M/31F/30UD),94,33,31,30,0.351,0.33,0.319,13,11
HUNBSTRND,ZDW20-03928 | [HUNBSTRND/220073],YES,1,2020,2 (1M/1F),1,94 (34M/30F/30UD),94,34,30,30,0.362,0.319,0.319,13,11
HUNBSTRND,ZDW20-03929 | [HUNBSTRND/220074],YES,1,2020,2 (1M/1F),1,94 (33M/31F/30UD),94,33,31,30,0.351,0.33,0.319,13,11
HUNBSTRND,ZDW20-03930 | [HUNBSTRND/220075],YES,1,2020,2 (1M/1F),1,94 (33M/31F/30UD),94,33,31,30,0.351,0.33,0.319,13,11
HUNBSTRND,ZDW20-03931 | [HUNBSTRND/220076],YES,1,2020,2 (1M/1F),1,94 (33M/31F/30UD),94,33,31,30,0.351,0.33,0.319,13,11
HUNBSTRND,ZDW20-03932 | [HUNBSTRND/220077],YES,1,2020,2 (1M/1F),1,94 (33M/31F/30UD),94,33,31,30,0.351,0.33,0.319,13,11
HUNBSTRND,ZDW20-03933 | [HUNBSTRND/220078],YES,1,2020,2 (1M/1F),1,94 (34M/30F/30UD),94,34,30,30,0.362,0.319,0.319,10,11
HUNBSTRND,ZDW20-03934 | [HUNBSTRND/220079],YES,1,2020,2 (1M/1F),1,94 (34M/30F/30UD),94,34,30,30,0.362,0.319,0.319,10,11
HUNBSTRND,ZDW20-03935 | [HUNBSTRND/220080],YES,1,2020,2 (1M/1F),1,94 (33M/31F/30UD),94,33,31,30,0.351,0.33,0.319,10,11
HUNBSTRND,ZDW20-03936 | [HUNBSTRND/220081],YES,1,2020,2 (1M/1F),1,94 (34M/30F/30UD),94,34,30,30,0.362,0.319,0.319,10,11
HUNBSTRND,ZDW20-03942 | [HUNBSTRND/220087],NO,0,2020,2 (1M/1F),1,94 (34M/31F/29UD),94,94,31,29,1,0.33,0.309,9,11
HUNBSTRND,ZDW20-03943 | [HUNBSTRND/220088],YES,1,2020,2 (1M/1F),1,94 (33M/31F/30UD),94,33,31,30,0.351,0.33,0.319,8,10
HUNBSTRND,ZDW20-03944 | [HUNBSTRND/220089],YES,1,2020,2 (1M/1F),1,94 (33M/31F/30UD),94,33,31,30,0.351,0.33,0.319,8,10
HUNBSTRND,ZDW20-03945 | [HUNBSTRND/220090],YES,1,2020,2 (1M/1F),1,94 (34M/30F/30UD),94,34,30,30,0.362,0.319,0.319,8,10
HUNBSTRND,ZDW20-03946 | [HUNBSTRND/220091],YES,1,2020,2 (1M/1F),1,94 (34M/30F/30UD),94,34,30,30,0.362,0.319,0.319,8,10
HUNBSTRND,ZDW20-03947 | [HUNBSTRND/220092],YES,1,2020,2 (1M/1F),1,94 (33M/31F/30UD),94,33,31,30,0.351,0.33,0.319,8,10
HUNBSTRND,ZDW20-03948 | [HUNBSTRND/220093],YES,1,2020,2 (1M/1F),1,94 (33M/31F/30UD),94,33,31,30,0.351,0.33,0.319,8,10
HUNBSTRND,ZDW20-03949 | [HUNBSTRND/220094],YES,1,2020,2 (1M/1F),1,94 (34M/30F/30UD),94,34,30,30,0.362,0.319,0.319,8,10
HUNBSTRND,ZDW20-03950 | [HUNBSTRND/220095],YES,1,2020,2 (1M/1F),1,94 (33M/31F/30UD),94,33,31,30,0.351,0.33,0.319,9,9
HUNBSTRND,ZDW20-03951 | [HUNBSTRND/220096],YES,1,2020,2 (1M/1F),1,94 (34M/30F/30UD),94,34,30,30,0.362,0.319,0.319,9,9
HUNBSTRND,ZDW20-03952 | [HUNBSTRND/220097],YES,1,2020,2 (1M/1F),1,94 (33M/31F/30UD),94,33,31,30,0.351,0.33,0.319,9,9
HUNBSTRND,ZDW20-03953 | [HUNBSTRND/220098],YES,1,2020,2 (1M/1F),1,94 (33M/31F/30UD),94,33,31,30,0.351,0.33,0.319,9,9
HUNBSTRND,ZDW20-03954 | [HUNBSTRND/220099],NO,0,2020,2 (1M/1F),1,94 (34M/31F/29UD),94,94,31,29,1,0.33,0.309,9,9
HUNBSTRND,ZDW20-03957 | [HUNBSTRND/220102],YES,1,2020,2 (1M/1F),1,94 (34M/30F/30UD),94,34,30,30,0.362,0.319,0.319,11,3